ID	morphind	root_morphind	semantic_types	root_pos_morphind	n
1500	ber+rasa<n>_VSA	rasa	perception-middle	n	42
479	ber+gading<n>_VSA	gading	reflexive-indirect	n	1
161	ber+baris<n>_VSA	baris	reciprocal-chaining	n	173
1447	ber+produktivitas<n>_VSA	produktivitas	reflexive-indirect-middle	n	1
767	ber+jejal<v>_VSA	jejal	reciprocal-naturally-reciprocal-events	v	17
374	ber+desak<v>_VSA	desak	reciprocal-naturally-reciprocal-events	v	2
642	ber+hias<v>_VSA	hias	grooming	v	36
26	ber+akidah<n>_VSA	akidah	cognition-middle	n	2
267	ber+campur aduk<v>_VSA	campur aduk	reciprocal-naturally-collective-actions	v	3
1253	ber+oksigen<n>_VSA	oksigen	spontaneous-events-inanimate-being-psychochemical-change	n	2
1353	ber+penis<n>_VSA	penis	reflexive-indirect	n	1
2061	ber+wibawa<n>_VSA	wibawa	reflexive-indirect-middle	n	130
1230	ber+napas<n>_VSA	napas	body-actions-others	n	259
1315	ber+patah<a>_VSA	patah	spontaneous-events-inanimate-being-partial-disruption-of-object-integrity	a	1
1564	ber+sahur<v>_VSA	sahur	body-actions-others	v	3
1374	ber+pesta<n>_VSA	pesta	reciprocal-naturally-reciprocal-events	n	60
776	ber+jins<n>_VSA	jins	grooming	n	1
933	ber+kolaborator<n>_VSA	kolaborator	reciprocal-naturally-reciprocal-events	n	1
1675	ber+senang<a>_VSADASHsenanng<x>_X--	senang	emotion-middle-1-participant	a	1
735	ber+itihad<n>_VSA	itihad	reciprocal-naturally-collective-actions	n	8
1929	ber+tiarap<v>_VSA	tiarap	body-posture-change	v	5
1892	ber+tempik sorak<n>_VSA	tempik sorak	emotion-middle-speech-action	n	1
929	ber+kobar<v>_VSA	kobar	spontaneous-events-inanimate-being-psychochemical-change	v	79
38	ber+akumulasi<n>_VSA	akumulasi	spontaneous-events-inanimate-being-change-of-shape	n	6
801	ber+kala<n>_VSA	kala	spontaneous-events-property-of-activities	n	1230
1735	ber+simbiosis<n>_VSA	simbiosis	reciprocal-naturally-reciprocal-events	n	8
1470	ber+pusat<a>_VSA	pusat	positionals	a	278
1488	ber+rakit<n>_VSA	rakit	translational-motion	n	9
909	ber+khotbah<n>_VSA	khotbah	emotion-middle-speech-action	n	11
1044	ber+ladang<n>_VSA	ladang	reflexive-indirect-middle	n	39
1014	ber+kubang<n>_VSA	kubang	grooming	n	18
1895	ber+temu<v>_VSA	temu	reciprocal-naturally-reciprocal-events	v	2848
1886	ber+telur<n>_VSA	telur	body-actions-others	n	58
610	ber+haji<n>_VSA	haji	reflexive-indirect-middle	n	53
1434	ber+praktek<n>_VSA	praktek	body-actions-others	n	6
819	ber+kaos<n>_VSA	kaos	grooming	n	7
1018	ber+kucir<n>_VSA	kucir	grooming	n	4
160	ber+baring<v>_VSA	baring	positionals	v	241
1337	ber+peluh<n>_VSA	peluh	body-actions-others	n	16
859	ber+keliling<n>_VSA	keliling	translational-motion	n	322
1084	ber+leher<n>_VSA	leher	reflexive-indirect	n	3
1883	ber+telinga<n>_VSA	telinga	reflexive-indirect	n	2
1330	ber+pekik<n>_VSA	pekik	emotion-middle-speech-action	n	1
1474	ber+putar<v>_VSADASHputaf<x>_X--	putar	non-trans-mot	v	1
124	ber+bagi<n>_VSA	bagi	reciprocal-naturally-reciprocal-events	n	981
328	ber+dansa<n>_VSA	dansa	reciprocal-naturally-reciprocal-events	n	39
725	ber+iring<v>_VSADASHan<f>_F--	iring	reciprocal-chaining	v	1
2058	ber+wefie<f>_VSA	wefie	reflexive-indirect-middle	f	1
1401	ber+pipi<n>_VSA	pipi	reflexive-indirect	n	1
1105	ber+limpah<v>_VSA	limpah	spontaneous-events-object-specific-container	v	143
1487	ber+rahim<n>_VSA	rahim	reflexive-indirect	n	2
1522	ber+renang<v>_VSA	renang	translational-motion	v	382
1334	ber+pelir<n>_VSA	pelir	reflexive-indirect	n	1
292	ber+cerita<n>_VSADASHentah<i>_I--	cerita	emotion-middle-speech-action	n	1
884	ber+kerah<n>_VSA	kerah	grooming	n	13
1981	ber+tumbuh<v>_VSA	tumbuh	spontaneous-events-animate-being	v	185
771	ber+jenjang<n>_VSA	jenjang	positionals	n	197
339	ber+daya kuasa<n>_VSA	daya kuasa	reflexive-indirect	n	1
1167	ber+matematika<n>_VSA	matematika	reflexive-indirect-middle	n	1
1143	ber+majas<n>_VSA	majas	emotion-middle-speech-action	n	2
986	ber+kontras<n>_VSA	kontras	reciprocal-naturally-reciprocal-events	n	1
1069	ber+langsung<a>_VSA	langsung	spontaneous-events-property-of-activities	a	3346
471	ber+foyafoya<a>_VSA	foyafoya	reflexive-indirect-middle	a	13
84	ber+arak<n>_VSA	arak	translational-motion	n	28
352	ber+demokrasi<n>_VSA	demokrasi	reciprocal-collective-group-actions	n	28
529	ber+gembira<a>_VSA	gembira	emotion-middle-1-participant	a	49
220	ber+bintik<n>_VSA	bintik	reflexive-indirect	n	3
1269	ber+otak<n>_VSA	otak	cognition-middle	n	13
1425	ber+pose<n>_VSA	pose	positionals	n	21
1294	ber+parade<f>_VSA	parade	reciprocal-chaining	f	3
1428	ber+posko<n>_VSA	posko	positionals	n	1
134	ber+bahu<v>_VSA	bahu	reflexive-indirect	v	1
239	ber+buka<v>_VSA	buka	spontaneous-events-object-specific-port	v	83
261	ber+cahaya<n>_VSADASHmungkin<d>_D--	cahaya	spontaneous-inanimate-state/activity-VISUAL	n	1
1357	ber+peran<n>_VSA	peran	reflexive-indirect-middle	n	2329
1495	ber+rambut<n>_VSA	rambut	reflexive-indirect	n	229
1258	ber+omzet<n>_VSA	omzet	reflexive-indirect-middle	n	7
145	ber+bandana<n>_VSA	bandana	grooming	n	1
597	ber+gumul<v>_VSA	gumul	reciprocal-naturally-reciprocal-events	v	42
1599	ber+sangkut<v>_VSA	sangkut	positionals	v	23
643	ber+hidung<n>_VSA	hidung	reflexive-indirect	n	24
683	ber+ilusi<n>_VSA	ilusi	cognition-middle	n	2
1814	ber+tafakur<n>_VSA	tafakur	cognition-middle	n	2
1884	ber+telpon<n>_VSA	telpon	reciprocal-naturally-reciprocal-events	n	1
1572	ber+saldo<n>_VSA	saldo	reflexive-indirect-middle	n	16
96	ber+asap<n>_VSA	asap	spontaneous-events-inanimate-being-psychochemical-change	n	23
2067	ber+ziarah<n>_VSA	ziarah	translational-motion	n	76
1552	ber+rubah<n>_VSADASHter+utama<a>_ASS	rubah	spontaneous-events-inanimate-being-change-of-shape	n	1
2016	ber+ungsi<v>_VSA	ungsi	translational-motion	v	1
336	ber+daya<n>_VSADASHingin<v>_VSA	daya	reflexive-indirect	n	2
1482	ber+raga<n>_VSA	raga	reflexive-indirect	n	1
1351	ber+pengertian<n>_VSA	pengertian	reflexive-indirect-middle	n	1
1405	ber+pita<n>_VSA	pita	grooming	n	4
212	ber+bilah<n>_VSA	bilah	spontaneous-events-inanimate-being-partial-disruption-of-object-integrity	n	2
1471	ber+pusing<v>_VSA	pusing	cognition-middle	v	4
688	ber+iman<n>_VSA	iman	cognition-middle	n	321
577	ber+golak<n>_VSA	golak	spontaneous-events-inanimate-being-psychochemical-change	n	82
1073	ber+lapis<v>_VSA	lapis	reciprocal-chaining	v	102
381	ber+diam<a>_VSA	diam	positionals	a	216
1388	ber+pikir<v>_VSADASHbukan<g>_G--	pikir	cognition-middle	v	1
584	ber+gotong<v>_VSA	gotong	reciprocal-collective-group-actions	v	32
1378	ber+petisi<n>_VSA	petisi	emotion-middle-speech-action	n	1
849	ber+kecambah<n>_VSA	kecambah	spontaneous-events-animate-being	n	28
868	ber+keluh<n>_VSADASHkesah<x>_X--	keluh	emotion-middle-speech-action	n	5
1442	ber+pretensi<n>_VSA	pretensi	cognition-middle	n	10
2019	ber+unta<n>_VSA	unta	translational-motion	n	2
1432	ber+potong<v>_VSA	potong	middle-passive	v	1
1747	ber+sintesis<n>_VSA	sintesis	reciprocal-naturally-collective-actions	n	1
639	ber+hening<a>_VSA	hening	perception-middle	a	1
1697	ber+serak<a>_VSA	serak	reciprocal-naturally-collective-actions	a	37
1203	ber+mohon<v>_VSA	mohon	emotion-middle-desiderative	v	26
1695	ber+seragam<n>_VSA	seragam	grooming	n	173
408	ber+duduk<v>_VSA	duduk	body-posture-change	v	1
646	ber+hikayat<n>_VSA	hikayat	emotion-middle-speech-action	n	2
1231	ber+nasib<n>_VSA	nasib	reflexive-indirect	n	68
1524	ber+rencana<n>_VSA	rencana	intentional	n	543
916	ber+kilau<n>_VSA	kilau	spontaneous-inanimate-state/activity-VISUAL	n	108
1680	ber+sendiri<a>_VSA	sendiri	reflexive-indirect-middle	a	1
1569	ber+saksi<n>_VSA	saksi	emotion-middle-speech-action	n	55
1206	ber+motif<n>_VSA	motif	intentional	n	68
1275	ber+pagar<n>_VSA	pagar	reflexive-indirect-middle	n	27
2050	ber+wangi<a>_VSA	wangi	spontaneous-events-property-of-inanimate-entity+OLFACTORY	a	1
714	ber+internet<n>_VSA	internet	reflexive-indirect-middle	n	8
2023	ber+upaya<n>_VSA	upaya	intentional	n	1137
667	ber+ibu<n>_VSA	ibu	reflexive-indirect	n	42
959	ber+konfik<n>_VSA	konfik	reflexive-indirect-middle	n	1
1826	ber+tamasya<n>_VSA	tamasya	translational-motion	n	15
168	ber+basuh<v>_VSA	basuh	grooming	v	3
440	ber+estafet<n>_VSA	estafet	reciprocal-chaining	n	4
893	ber+kerja<v>_VSA	kerja	reflexive-indirect-middle	v	39
116	ber+awan<n>_VSA	awan	spontaneous-events-inanimate-being-psychochemical-change	n	16
1385	ber+pijak<pre-cat>_VSA	pijak	non-trans-mot	pre-cat	128
1880	ber+telapak<n>_VSA	telapak	reflexive-indirect	n	1
442	ber+etika<n>_VSADASHsolidaristis<x>_X--	etika	self-control	n	1
59	ber+anak<n>_VSADASHcucu<n>_NSD	anak cucu	spontaneous-events-animate-being	n	1
781	ber+jubah<n>_VSA	jubah	grooming	n	42
1446	ber+produksi<n>_VSA	produksi	reflexive-indirect-middle	n	124
1882	ber+telepon<n>_VSA	telepon	reciprocal-naturally-reciprocal-events	n	22
1134	ber+lunas<a>_VSA	lunas	reflexive-indirect-middle	v	1
2026	ber+urat<n>_VSADASHakar<n>_NSD	urat	reflexive-indirect	n	1
1333	ber+pelesir<pre-cat>_VSA	pelesir	translational-motion	pre-cat	1
566	ber+getar<v>_VSA	getar	non-trans-mot-contained	v	353
151	ber+banjar<n>_VSA	banjar	reciprocal-collective-group-actions	n	4
137	ber+baju<n>_VSA	baju	grooming	n	112
1324	ber+pecah<v>_VSA	pecah	spontaneous-events-inanimate-being-partial-disruption-of-object-integrity	v	3
1537	ber+respons<n>_VSA	respons	emotion-middle-speech-action	n	7
58	ber+anak<n>_VSADASHpinak<x>_X--	anak pinak	spontaneous-events-animate-being	n	28
1966	ber+transaksi<n>_VSA	transaksi	reciprocal-naturally-reciprocal-events	n	267
1386	ber+pijar<n>_VSA	pijar	spontaneous-inanimate-state/activity-VISUAL	n	8
631	ber+hatihati<i>_VSA	hatihati	emotion-middle-1-participant	i	331
2051	ber+warga<n>_VSA	warga	reciprocal-collective-group-actions	n	3
919	ber+kinerja<n>_VSA	kinerja	reflexive-indirect-middle	n	90
1807	ber+swasembada<n>_VSA	swasembada	reflexive-indirect-middle	n	2
816	ber+kantong<n>_VSA	kantong	grooming	n	13
1857	ber+tarung<v>_VSA	tarung	reciprocal-naturally-reciprocal-events	v	239
955	ber+komuter<n>_VSA	komuter	translational-motion	n	1
29	ber+akrobat<n>_VSA	akrobat	body-actions-others	n	8
977	ber+konsultasi<n>_VSA	konsultasi	reciprocal-naturally-reciprocal-events	n	168
595	ber+gumam<n>_VSADASHber+bisik<v>_VSA	gumam	emotion-middle-speech-action	n	1
544	ber+gemuruh<n>_VSA	gemuruh	spontaneous-inanimate-state/activity-AUDITORY	n	67
49	ber+alih<v>_VSADASHwujud<n>_NSD	alih wujud	grooming	v	1
1525	ber+renda<n>_VSA	renda	grooming	n	6
1002	ber+kreatif<a>_VSA	kreatif	reflexive-indirect-middle	a	3
1419	ber+pongah<a>_VSA	pongah	self-control	a	1
1009	ber+kuah<n>_VSA	kuah	spontaneous-events-object-specific-substance	n	8
1140	ber+madu<n>_VSA	madu	spontaneous-events-property-of-inanimate-entity-GUSTATORY	n	3
1568	ber+sajak<n>_VSA	sajak	emotion-middle-speech-action	n	5
953	ber+komunikasi<n>_VSA	komunikasi	emotion-middle-speech-action	n	1212
1789	ber+sukacita<n>_VSA	sukacita	emotion-middle-1-participant	a	24
1937	ber+tindak<v>_VSADASHtanduk<n>_NSD	tindak	body-actions-others	v	1
280	ber+celana<n>_VSA	celana	grooming	n	33
1389	ber+pikir<v>_VSADASHivriting<x>_X--	pikir	cognition-middle	v	1
99	ber+asimilasi<n>_VSA	asimilasi	reciprocal-naturally-collective-actions	n	15
2054	ber+wasiat<n>_VSA	wasiat	emotion-middle-desiderative	n	8
1323	ber+payung<n>_VSA	payung	grooming	n	14
229	ber+bondong<a>_VSA	bondong	reciprocal-collective-group-actions	a	3
1915	ber+teriak<n>_VSA	teriak	emotion-middle-speech-action	n	674
1868	ber+teduh<a>_VSA	teduh	self-protection-or-self-preservation	a	84
126	ber+bagi<n>_VSADASHlokasi<n>_NSDDASHterkini<a>_ASP	bagi	reciprocal-naturally-reciprocal-events	n	1
638	ber+hembus<v>_VSA	hembus	spontaneous-events-motion	v	29
136	ber+baik<a>_VSADASHhati<n>_NSD	baik hati	emotion-middle-2-participants	a	1
1322	ber+payudara<n>_VSA	payudara	reflexive-indirect	n	4
1770	ber+spekulasi<n>_VSA	spekulasi	cognition-middle	n	32
1562	ber+safari<n>_VSA	safari	translational-motion	n	7
907	ber+khianat<a>_VSA	khianat	emotion-middle-2-participants	a	43
482	ber+gairah<n>_VSA	gairah	emotion-middle-desiderative	n	128
1277	ber+paham<n>_VSA	paham	cognition-middle	n	12
1379	ber+petualang<n>_VSA	petualang	translational-motion	n	20
1480	ber+racun<n>_VSA	racun	reflexive-indirect-middle	n	187
864	ber+kelopak<n>_VSA	kelopak	spontaneous-events-animate-being	n	3
854	ber+kehendak<n>_VSA	kehendak	emotion-middle-desiderative	n	64
40	ber+alamat<n>_VSA	alamat	positionals	n	70
751	ber+jamur<n>_VSA	jamur	reciprocal-naturally-collective-actions	n	13
1192	ber+minat<n>_VSA	minat	emotion-middle-desiderative	n	235
329	ber+darah<n>_VSA	darah	spontaneous-events-animate-being	n	336
180	ber+beda<a>_VSA	beda	reciprocal-naturally-reciprocal-events	n	8075
563	ber+geser<v>_VSA	geser	translational-motion	v	276
1663	ber+sembah<n>_VSA	sembah	body-posture-change	n	1
1582	ber+sama<a>_VSADASHyang<s>_S--	sama	reciprocal-naturally-reciprocal-events	a	1
338	ber+daya guna<n>_VSA	daya guna	reflexive-indirect	n	7
867	ber+keluh<n>_VSA	keluh	emotion-middle-speech-action	n	40
2041	ber+visi<n>_VSA	visi	cognition-middle	n	7
1145	ber+make-up<f>_VSA	make-up	grooming	f	4
2014	ber+umur<n>_VSA	umur	reflexive-indirect	n	637
123	ber+badan<n>_VSA	badan	reflexive-indirect	n	385
1739	ber+simpuh<n>_VSA	simpuh	body-posture-change	n	81
522	ber+gelombang<n>_VSA	gelombang	spontaneous-events-change-of-state	n	96
601	ber+gunjing<n>_VSA	gunjing	emotion-middle-speech-action	n	23
927	ber+kluster<n>_VSA	kluster	reciprocal-naturally-reciprocal-events	n	1
1340	ber+peluru<n>_VSA	peluru	reflexive-indirect-middle	n	1
148	ber+bangga<a>_VSA	bangga	emotion-middle-1-participant	a	38
1613	ber+saudara<n>_VSA	saudara	reciprocal-naturally-reciprocal-events	n	210
1131	ber+lulur<n>_VSA	lulur	grooming	n	1
1087	ber+lemak<n>_VSA	lemak	reflexive-indirect	n	49
906	ber+khayal<n>_VSA	khayal	cognition-middle	n	36
227	ber+bohong<v>_VSA	bohong	emotion-middle-speech-action	v	236
524	ber+gelugut<v>_VSA	gelugut	non-trans-mot-contained	v	1
1257	ber+olahraga<n>_VSA	olahraga	body-actions-others	n	282
1858	ber+tasbih<n>_VSA	tasbih	reflexive-indirect-middle	n	8
1088	ber+lembaga<n>_VSA	lembaga	reciprocal-collective-group-actions	n	1
1331	ber+pekur<v>_VSA	pekur	cognition-middle	v	1
1478	ber+putus<a>_VSA	putus	reciprocal-naturally-reciprocal-events	v	25
1727	ber+sifat<n>_VSA	sifat	self-control	n	5827
1004	ber+kreativitas<n>_VSA	kreativitas	reflexive-indirect-middle	n	17
1595	ber+sandiwara<n>_VSA	sandiwara	reflexive-indirect-middle	n	8
1304	ber+partisipasi<n>_VSA	partisipasi	reciprocal-naturally-reciprocal-events	n	706
357	ber+dengus<n>_VSA	dengus	body-actions-others	n	1
1821	ber+takwa<n>_VSA	takwa	cognition-middle	n	106
252	ber+buru<v>_VSADASHmeN+ramu<v>_VSA	buru	reciprocal-chaining	v	1
492	ber+gandeng<v>_VSA	gandeng	reciprocal-naturally-reciprocal-events	v	14
682	ber+ilmu<n>_VSA	ilmu	reflexive-indirect-middle	n	77
1592	ber+sandar<n>_VSA	sandar	positionals	n	256
1559	ber+sabar<a>_VSA	sabar	emotion-middle-1-participant	a	161
712	ber+intelektual<a>_VSA	intelektual	cognition-middle	a	1
1546	ber+rona<n>_VSA	rona	spontaneous-inanimate-state/activity-VISUAL	n	1
222	ber+bisa<n>_VSA	bisa	reflexive-indirect	n	31
111	ber+audiensi<n>_VSA	audiensi	reciprocal-naturally-reciprocal-events	n	8
1778	ber+suami<n>_VSA	suami	reflexive-indirect-middle	n	28
209	ber+bicara<v>_VSA	bicara	emotion-middle-speech-action	v	3054
559	ber+gerisik<n>_VSA	gerisik	spontaneous-inanimate-state/activity-AUDITORY	n	3
1274	ber+padu<a>_VSA	padu	reciprocal-naturally-reciprocal-events	a	56
713	ber+interaksi<n>_VSA	interaksi	reciprocal-naturally-reciprocal-events	n	865
8	ber+adab<n>_VSA	adab	cognition-middle	n	187
1190	ber+migrasi<n>_VSA	migrasi	reciprocal-collective-group-actions	n	45
402	ber+domisili<n>_VSA	domisili	positionals	n	142
1213	ber+mukim<v>_VSA	mukim	positionals	v	153
1116	ber+liur<n>_VSA	liur	reflexive-indirect	n	4
1226	ber+nafsu<n>_VSA	nafsu	emotion-middle-desiderative	n	43
81	ber+api<n>_VSA	api	spontaneous-events-inanimate-being-psychochemical-change	n	179
722	ber+irama<n>_VSA	irama	spontaneous-inanimate-state/activity-AUDITORY	n	74
2003	ber+ujung<n>_VSA	ujung	positionals	n	372
1297	ber+parfum<n>_VSA	parfum	grooming	n	2
607	ber+hadap<v>_VSA	hadap	reciprocal-naturally-reciprocal-events	v	9
232	ber+buah<n>_VSA	buah	spontaneous-events-animate-being	n	180
277	ber+cekcok<n>_VSA	cekcok	emotion-middle-speech-action	n	2
1448	ber+profesi<n>_VSA	profesi	reflexive-indirect-middle	n	121
194	ber+belit<v>_VSA	belit	emotion-middle-speech-action	v	32
1974	ber+tuhan<n>_VSA	tuhan	reflexive-indirect-middle	n	21
971	ber+konsolidasi<n>_VSA	konsolidasi	reciprocal-collective-group-actions	n	15
347	ber+degup<n>_VSA	degup	non-trans-mot-contained	n	73
2037	ber+valensi<n>_VSA	valensi	reflexive-indirect-middle	n	2
1302	ber+partai<n>_VSA	partai	reciprocal-collective-group-actions	n	10
1132	ber+lumpur<n>_VSA	lumpur	grooming	n	72
1082	ber+lega<a>_VSA	lega	emotion-middle-1-participant	a	1
825	ber+karat<n>_VSA	karat	spontaneous-events-inanimate-being-psychochemical-change	n	61
1007	ber+kromosom<n>_VSA	kromosom	spontaneous-events-animate-being	n	1
996	ber+koresponden<n>_VSA	koresponden	reciprocal-naturally-reciprocal-events	n	1
1216	ber+mulut<n>_VSA	mulut	reflexive-indirect	n	21
1159	ber+martabat<n>_VSA	martabat	cognition-middle	n	182
392	ber+diploma<n>_VSA	diploma	reflexive-indirect-middle	n	4
1246	ber+nutrisi<n>_VSA	nutrisi	reflexive-indirect-middle	n	6
1993	ber+uang<n>_VSA	uang	reflexive-indirect-middle	n	107
508	ber+gelar<n>_VSA	gelar	reflexive-indirect-middle	n	92
673	ber+iga<n>_VSA	iga	reflexive-indirect	n	1
191	ber+belas kasih<n>_VSA	belas kasih	emotion-middle-2-participants	n	1
881	ber+kepala<n>_VSA	kepala	reflexive-indirect	n	83
1518	ber+relaksasi<n>_VSA	relaksasi	positionals	n	1
1917	ber+terima<v>_VSA	terima	reflexive-indirect-middle	v	194
1001	ber+kreasi<n>_VSA	kreasi	reflexive-indirect-middle	n	192
605	ber+guru<n>_VSA	guru	reflexive-indirect-middle	n	63
1740	ber+sinambung<v>_VSA	sinambung	reciprocal-chaining	v	1
2001	ber+ujar<v>_VSA	ujar	emotion-middle-speech-action	v	77
1672	ber+senam<n>_VSA	senam	body-actions-others	n	1
998	ber+korupsi<n>_VSA	korupsi	reflexive-indirect-middle	n	3
1320	ber+pawai<n>_VSA	pawai	reciprocal-chaining	n	6
53	ber+alur<n>_VSA	alur	non-trans-mot	n	13
677	ber+ikhtiar<n>_VSA	ikhtiar	intentional	n	17
133	ber+bahtera<n>_VSA	bahtera	translational-motion	n	1
742	ber+jajar<n>_VSA	jajar	reciprocal-chaining	n	88
2057	ber+wawasan<n>_VSA	wawasan	cognition-middle	n	171
651	ber+hipotesis<n>_VSA	hipotesis	cognition-middle	n	7
689	ber+imbang<n>_VSA	imbang	reciprocal-naturally-reciprocal-events	n	87
685	ber+imaji<n>_VSA	imaji	cognition-middle	n	1
1950	ber+tiup<v>_VSA	tiup	spontaneous-events-motion	v	88
1463	ber+punggung<n>_VSA	punggung	reflexive-indirect	n	1
102	ber+asosiatif<a>_VSA	asosiatif	reciprocal-collective-group-actions	a	1
1779	ber+suara<n>_VSA	suara	emotion-middle-speech-action	n	221
2064	ber+wisata<n>_VSA	wisata	translational-motion	n	94
18	ber+air<n>_VSA	air	spontaneous-events-inanimate-being-psychochemical-change	n	77
135	ber+baik<a>_VSA	baik	emotion-middle-2-participants	a	48
670	ber+identitas<n>_VSA	identitas	reflexive-indirect	n	14
1651	ber+selisih<n>_VSA	selisih	reciprocal-naturally-reciprocal-events	n	66
119	ber+ayun<v>_VSA	ayun	non-trans-mot	v	25
1832	ber+tamu<n>_VSA	tamu	translational-motion	n	90
507	ber+gelantung<v>_VSA	gelantung	positionals	v	1
879	ber+kening<n>_VSA	kening	reflexive-indirect	n	1
619	ber+hantam<v>_VSA	hantam	reciprocal-naturally-reciprocal-events	v	1
359	ber+dentum<n>_VSA	dentum	spontaneous-inanimate-state/activity-AUDITORY	n	199
1956	ber+tolakbelakang<n>_VSA	tolakbelakang	reciprocal-naturally-reciprocal-events	n	1
377	ber+destar<n>_VSA	destar	grooming	n	2
812	ber+kampanye<n>_VSA	kampanye	reciprocal-collective-group-actions	n	73
1617	ber+sayap<n>_VSA	sayap	reflexive-indirect	n	69
1509	ber+refleksi<n>_VSA	refleksi	spontaneous-inanimate-state/activity-TACTILE	n	1
1745	ber+singgung<v>_VSA	singgung	reciprocal-naturally-reciprocal-events	v	1
1678	ber+senda<n>_VSADASHgurau<v>_VSA	senda	emotion-middle-speech-action	n	1
1263	ber+opini<n>_VSA	opini	emotion-middle-speech-action	n	5
286	ber+cerai<v>_VSA	cerai	reciprocal-naturally-reciprocal-events	v	154
414	ber+duri<n>_VSA	duri	reflexive-indirect	n	45
183	ber+bedak<n>_VSA	bedak	grooming	n	8
857	ber+kelamin<n>_VSA	kelamin	reflexive-indirect	n	10
1596	ber+sanggama<n>_VSA	sanggama	body-actions-others	n	18
493	ber+ganti<v>_VSA	ganti	spontaneous-events-object-specific-general	v	677
157	ber+banyak<a>_VSA	banyak	reciprocal-collective-group-actions	a	1
298	ber+cincin<n>_VSA	cincin	grooming	n	1
510	ber+gelayut<v>_VSA	gelayut	positionals	v	24
1713	ber+setia<n>_VSA	setia	emotion-middle-2-participants	n	18
1978	ber+tukar<v>_VSA	tukar	reciprocal-naturally-reciprocal-events	v	323
1972	ber+tubuh<n>_VSA	tubuh	reflexive-indirect	n	225
1674	ber+senang<a>_VSA	senang	emotion-middle-1-participant	a	7
627	ber+harta<n>_VSA	harta	reflexive-indirect-middle	n	3
799	ber+kait<v>_VSA	kait	reciprocal-naturally-reciprocal-events	v	61
205	ber+besar<a>_VSA	besar	emotion-middle-1-participant	a	11
511	ber+gelegar<n>_VSA	gelegar	spontaneous-inanimate-state/activity-AUDITORY	n	2
1630	ber+seiring<n>_VSA	seiring	reciprocal-chaining	n	1
1373	ber+pesan<n>_VSA	pesan	emotion-middle-speech-action	n	295
502	ber+gayut<v>_VSA	gayut	positionals	v	2
1380	ber+piama<n>_VSA	piama	grooming	n	2
1570	ber+saku<n>_VSA	saku	grooming	n	1
1634	ber+sekolah<n>_VSA	sekolah	translational-motion	n	383
41	ber+alas<n>_VSA	alas	grooming	n	28
1889	ber+teman<n>_VSA	teman	reciprocal-naturally-reciprocal-events	n	168
992	ber+kopiah<n>_VSA	kopiah	grooming	n	8
2068	ber+zikir<n>_VSA	zikir	reflexive-indirect-middle	n	102
530	ber+gemeletak<v>_VSA	gemeletak	spontaneous-inanimate-state/activity-AUDITORY	v	1
1712	ber+seteru<n>_VSA	seteru	reciprocal-naturally-reciprocal-events	n	41
2020	ber+untung<n>_VSA	untung	reflexive-indirect-middle	n	603
847	ber+kayuh<n>_VSA	kayuh	non-trans-mot	n	1
393	ber+diplomasi<n>_VSA	diplomasi	reciprocal-collective-group-actions	n	9
1030	ber+kunangkunang<n>_VSA	kunangkunang	spontaneous-inanimate-state/activity-VISUAL	n	33
1355	ber+perahu<n>_VSA	perahu	translational-motion	n	5
1186	ber+mesra<a>_VSA	mesra	reciprocal-naturally-reciprocal-events	a	3
1994	ber+uap<n>_VSA	uap	spontaneous-events-inanimate-being-psychochemical-change	n	3
69	ber+angan<n>_VSA	angan	cognition-middle	n	6
1271	ber+otot<n>_VSA	otot	reflexive-indirect	n	33
1459	ber+puisi<n>_VSA	puisi	emotion-middle-speech-action	n	14
1180	ber+mentari<n>_VSA	mentari	spontaneous-inanimate-state/activity-VISUAL	n	2
340	ber+dayung<n>_VSA	dayung	non-trans-mot-contained	n	1
645	ber+hijrah<v>_VSA	hijrah	reciprocal-collective-group-actions	v	13
266	ber+campur<v>_VSA	campur	reciprocal-naturally-collective-actions	v	323
1224	ber+nada<n>_VSA	nada	spontaneous-events-property-of-inanimate-entity-AUDITORY	n	81
1626	ber+sedu<n>_VSA	sedu	emotion-middle-speech-action	n	1
997	ber+korespondensi<n>_VSA	korespondensi	reciprocal-naturally-reciprocal-events	n	18
1951	ber+tobat<v>_VSA	tobat	reflexive-indirect-middle	v	62
1864	ber+taut<v>_VSA	taut	reciprocal-naturally-reciprocal-events	v	26
1187	ber+metamorfosis<n>_VSA	metamorfosis	spontaneous-events-animate-being	n	26
1600	ber+sangkut<v>_VSADASHpaut<v>_VSA	sangkut	positionals	v	4
1029	ber+kunang<n>_VSA	kunang	spontaneous-inanimate-state/activity-VISUAL	n	1
1135	ber+lutut<n>_VSA	lutut	body-posture-change	n	28
343	ber+debu<n>_VSA	debu	spontaneous-events-object-specific-substance	n	96
1369	ber+perkara<n>_VSA	perkara	reciprocal-naturally-reciprocal-events	n	53
1341	ber+pembuluh<n>_VSA	pembuluh	reflexive-indirect	n	1
860	ber+kelindan<n>_VSA	kelindan	reciprocal-naturally-reciprocal-events	n	42
360	ber+denyit<n>_VSA	denyit	spontaneous-inanimate-state/activity-AUDITORY	n	2
1215	ber+multitasking<f>_VSA	multitasking	body-actions-others	f	3
1920	ber+ternak<n>_VSA	ternak	reflexive-indirect-middle	n	11
1879	ber+telanjang<v>_VSA	telanjang	grooming	v	34
1467	ber+purapura<v>_VSA	purapura	cognition-middle	v	154
478	ber+gadget<f>_VSA	gadget	grooming	f	1
581	ber+gosip<n>_VSA	gosip	reciprocal-naturally-reciprocal-events	n	25
972	ber+konsorsium<n>_VSA	konsorsium	reciprocal-collective-group-actions	n	3
245	ber+bulu<n>_VSA	bulu	reflexive-indirect	n	77
494	ber+gantung<v>_VSA	gantung	positionals	v	937
1469	ber+pusaran<n>_VSA	pusaran	non-trans-mot	n	1
956	ber+konde<n>_VSA	konde	grooming	n	3
1370	ber+persepsi<n>_VSA	persepsi	perception-middle	n	6
1910	ber+tepi<n>_VSA	tepi	positionals	n	19
230	ber+bondong<a>_VSADASHbon<f>_F--DASHdong<x>_X--	bondong	reciprocal-collective-group-actions	a	1
120	ber+azam<n>_VSA	azam	emotion-middle-desiderative	n	1
1806	ber+swafoto<n>_VSA	swafoto	reflexive-indirect-middle	n	8
1995	ber+ubah<v>_VSA	ubah	spontaneous-events-inanimate-being-change-of-shape	v	3404
724	ber+iring<v>_VSA	iring	reciprocal-chaining	v	9
1545	ber+ombak<v>_VSA	ombak	spontaneous-events-change-of-state	v	13
1051	ber+laku<n>_VSA	laku	reflexive-indirect-middle	n	6627
1201	ber+modal<n>_VSA	modal	reflexive-indirect-middle	n	48
628	ber+hasil<n>_VSA	hasil	reflexive-indirect-middle	n	5480
1691	ber+sepeda<n>_VSA	sepeda	translational-motion	n	226
149	ber+bangkit<v>_VSA	bangkit	body-posture-change	v	5
1878	ber+tekun<a>_VSA	tekun	emotion-middle-1-participant	a	5
1438	ber+presentasi<n>_VSA	presentasi	emotion-middle-speech-action	n	2
424	ber+ekspansi<n>_VSA	ekspansi	reciprocal-collective-group-actions	n	25
1876	ber+tekuk<v>_VSA	tekuk	body-posture-change	v	25
12	ber+adu<v>_VSA	adu	reciprocal-naturally-reciprocal-events	v	193
487	ber+galau<a>_VSA	galau	emotion-middle-1-participant	a	1
448	ber+faedah<n>_VSA	faedah	reflexive-indirect-middle	n	11
1062	ber+lambat<a>_VSA	lambat	spontaneous-events-property-of-activities	a	1
2030	ber+urut<n>_VSA	urut	reciprocal-chaining	n	22
108	ber+asyik<a>_VSA	asyik	emotion-middle-1-participant	a	1
615	ber+halusinasi<n>_VSA	halusinasi	cognition-middle	n	19
599	ber+guncang<v>_VSA	guncang	non-trans-mot-contained	v	34
386	ber+difusi<n>_VSA	difusi	reciprocal-naturally-reciprocal-events	n	24
538	ber+gemeretup<v>_VSA	gemeretup	spontaneous-inanimate-state/activity-AUDITORY	v	1
1612	ber+satu<c>_VSA	satu	reciprocal-naturally-reciprocal-events	c	367
678	ber+iklan<n>_VSA	iklan	reflexive-indirect-middle	n	36
107	ber+asumsi<n>_VSA	asumsi	cognition-middle	n	70
902	ber+kesiur<pre-cat>_VSA	kesiur	spontaneous-inanimate-state/activity-AUDITORY	pre-cat	13
898	ber+kerumun<v>_VSA	kerumun	reciprocal-collective-group-actions	v	99
140	ber+bakti<n>_VSA	bakti	cognition-middle	n	87
792	ber+kabut<n>_VSA	kabut	spontaneous-events-inanimate-being-psychochemical-change	n	46
1506	ber+rebut<v>_VSA	rebut	reciprocal-naturally-reciprocal-events	v	211
1706	ber+serikat<n>_VSA	serikat	reciprocal-collective-group-actions	n	65
629	ber+hasrat<n>_VSA	hasrat	emotion-middle-desiderative	n	48
177	ber+bayang<n>_VSA	bayang	spontaneous-inanimate-state/activity-VISUAL	n	1
653	ber+honeymoon<f>_VSA	honeymoon	reflexive-indirect-middle	f	1
1855	ber+taring<n>_VSA	taring	reflexive-indirect	n	12
317	ber+cumbu<n>_VSA	cumbu	reciprocal-naturally-reciprocal-events	n	32
226	ber+bobot<n>_VSA	bobot	reflexive-indirect	n	57
269	ber+campursari<n>_VSA	campursari	reciprocal-naturally-collective-actions	n	1
817	ber+kantor<n>_VSA	kantor	positionals	n	284
405	ber+dosa<n>_VSA	dosa	reflexive-indirect	n	121
441	ber+etika<n>_VSA	etika	self-control	n	59
811	ber+kamera<n>_VSA	kamera	reflexive-indirect-middle	n	8
162	ber+basa basi<n>_VSA	basa basi	reciprocal-naturally-reciprocal-events	n	1
1147	ber+maksiat<a>_VSA	maksiat	body-actions-others	a	3
1698	ber+serak<a>_VSADASHan<f>_F--	serak	reciprocal-naturally-collective-actions	a	1
1396	ber+pinggang<n>_VSA	pinggang	reflexive-indirect	n	4
1359	ber+perang<n>_VSA	perang	reciprocal-naturally-reciprocal-events	n	253
889	ber+kereta<n>_VSA	kereta	translational-motion	n	4
1692	ber+seprai<n>_VSA	seprai	grooming	n	3
1676	ber+senapan<n>_VSA	senapan	grooming	n	4
1732	ber+silang<v>_VSADASHsengkarut<x>_X--	silang	reciprocal-naturally-reciprocal-events	v	2
467	ber+foto<n>_VSA	foto	reflexive-indirect-middle	n	72
1398	ber+pintal<v>_VSA	pintal	reciprocal-chaining	v	1
163	ber+basa basi<n>_VSA	basabasi	reciprocal-naturally-reciprocal-events	n	51
1423	ber+pori<n>_VSA	pori	reflexive-indirect	n	5
1284	ber+pancasila<n>_VSA	pancasila	reflexive-indirect-middle	n	2
745	ber+jalan<n>_VSADASHitu<b>_B--	jalan	translational-motion	n	1
539	ber+gemericik<n>_VSA	gemericik	spontaneous-inanimate-state/activity-AUDITORY	n	7
1032	ber+kunjung<v>_VSA	kunjung	translational-motion	v	740
754	ber+janji<n>_VSA	janji	emotion-middle-desiderative	n	574
579	ber+goncang<v>_VSA	goncang	non-trans-mot-contained	v	6
1677	ber+senda<n>_VSA	senda	emotion-middle-speech-action	n	34
1424	ber+poros<n>_VSA	poros	positionals	n	5
979	ber+kontak<n>_VSA	kontak	reciprocal-naturally-reciprocal-events	n	12
1404	ber+pistol<n>_VSA	pistol	grooming	n	3
1172	ber+mediasi<n>_VSA	mediasi	reciprocal-naturally-reciprocal-events	n	3
649	ber+himpit<v>_VSA	himpit	reciprocal-naturally-collective-actions	v	7
1809	ber+syair<n>_VSA	syair	emotion-middle-speech-action	n	5
888	ber+keras<a>_VSA	keras	emotion-middle-1-participant	a	70
1800	ber+surat<n>_VSA	surat	reciprocal-naturally-reciprocal-events	n	8
1558	ber+rusuk<n>_VSA	rusuk	reflexive-indirect	n	1
1441	ber+prestise<n>_VSA	prestise	reflexive-indirect-middle	n	3
1606	ber+saput<n>_VSA	saput	grooming	n	1
963	ber+kongres<n>_VSA	kongres	reciprocal-collective-group-actions	n	2
1466	ber+pupur<n>_VSA	pupur	grooming	n	3
686	ber+imajinasi<n>_VSA	imajinasi	cognition-middle	n	33
1963	ber+topeng<n>_VSA	topeng	grooming	n	66
346	ber+degenerasi<n>_VSA	degenerasi	spontaneous-events-inanimate-being-existential-change/denaturement	n	1
1429	ber+postur<n>_VSA	postur	reflexive-indirect	n	15
491	ber+ganda<a>_VSA	ganda	reciprocal-naturally-collective-actions	a	82
268	ber+campur baur<v>_VSA	campur baur	reciprocal-naturally-collective-actions	v	2
112	ber+aura<n>_VSA	aura	reflexive-indirect	n	1
633	ber+hazmat<n>_VSA	hazmat	grooming	n	1
1461	ber+pulas<a>_VSA	pulas	body-posture-change	a	1
1652	ber+selonjor<v>_VSA	selonjor	positionals	v	14
1108	ber+lingkup<n>_VSA	lingkup	positionals	n	2
202	ber+beres<a>_VSA	beres	grooming	a	1
1382	ber+pigmen<n>_VSA	pigmen	reflexive-indirect	n	3
1107	ber+lingkar<v>_VSA	lingkar	reciprocal-chaining	v	1
1291	ber+pantat<n>_VSA	pantat	reflexive-indirect	n	2
384	ber+diferensiasi<n>_VSA	diferensiasi	reciprocal-naturally-reciprocal-events	n	11
1798	ber+sunat<n>_VSA	sunat	grooming	n	3
35	ber+aktifitas<n>_VSA	aktifitas	body-actions-others	n	15
641	ber+henti<v>_VSADASHusaha<n>_NSD	henti	spontaneous-events-property-of-activities	v	1
1649	ber+seling<v>_VSA	seling	reciprocal-chaining	v	2
95	ber+asalusul<n>_VSA	asalusul	positionals	n	1
129	ber+bahagia<a>_VSA	bahagia	emotion-middle-1-participant	a	128
1603	ber+santan<n>_VSA	santan	spontaneous-events-property-of-inanimate-entity-GUSTATORY	n	9
355	ber+dendam<n>_VSA	dendam	emotion-middle-2-participants	n	1
1650	ber+selingkuh<v>_VSA	selingkuh	reciprocal-naturally-reciprocal-events	v	61
1556	ber+runtun<v>_VSA	runtun	reciprocal-chaining	v	101
606	ber+habitat<n>_VSA	habitat	positionals	n	3
1115	ber+liuk<n>_VSA	liuk	non-trans-mot	n	2
1611	ber+satu<c>_CD-DASHpadu<v>_VSA	satu	reciprocal-naturally-reciprocal-events	v	2
555	ber+geremeng<a>_VSA	geremeng	spontaneous-inanimate-state/activity-AUDITORY	a	1
1364	ber+performa<n>_VSA	performa	body-actions-others	n	3
250	ber+bunyi<n>_VSA	bunyi	spontaneous-inanimate-state/activity-AUDITORY	n	1897
1685	ber+senjata<n>_VSA	senjata	grooming	n	501
105	ber+aspirasi<n>_VSA	aspirasi	emotion-middle-speech-action	n	2
2010	ber+ulangtahun<n>_VSA	ulangtahun	spontaneous-events-property-of-activities	n	1
1567	ber+sajadah<n>_VSA	sajadah	grooming	n	1
354	ber+dencit<n>_VSA	dencit	spontaneous-inanimate-state/activity-AUDITORY	n	1
1931	ber+tikam<n>_VSA	tikam	reciprocal-naturally-reciprocal-events	n	1
2024	ber+urai<v>_VSA	urai	spontaneous-events-object-specific-container	v	20
45	ber+aliansi<n>_VSA	aliansi	reciprocal-collective-group-actions	n	11
1259	ber+ongkos<n>_VSA	ongkos	reflexive-indirect-middle	n	1
1003	ber+kreatifitas<n>_VSA	kreatifitas	reflexive-indirect-middle	n	2
553	ber+gerakgerik<n>_VSA	gerakgerik	non-trans-mot	n	2
981	ber+kontemplasi<n>_VSA	kontemplasi	cognition-middle	n	7
1799	ber+sungguhsungguh<d>_VSA	sungguhsungguh	emotion-middle-1-participant	d	86
2042	ber+visualisasi<n>_VSA	visualisasi	cognition-middle	n	1
1232	ber+naung<v>_VSA	naung	positionals	v	60
557	ber+gerilya<n>_VSA	gerilya	reciprocal-collective-group-actions	n	83
1766	ber+sorot<v>_VSA	sorot	perception-middle	v	1
2063	ber+wirausaha<n>_VSA	wirausaha	reflexive-indirect-middle	n	196
1318	ber+patroli<n>_VSA	patroli	self-protection-or-self-preservation	n	20
630	ber+hati<n>_VSA	hati	emotion-middle-1-participant	n	86
320	ber+dagang<n>_VSA	dagang	reciprocal-naturally-reciprocal-events	n	219
139	ber+bakat<n>_VSA	bakat	cognition-middle	n	143
1636	ber+sekutu<n>_VSA	sekutu	reciprocal-collective-group-actions	n	57
2013	ber+umrah<n>_VSA	umrah	translational-motion	n	3
1815	ber+tahan<a>_VSA	tahan	self-protection-or-self-preservation	a	1694
1548	ber+rongga<n>_VSA	rongga	reflexive-indirect	n	16
1690	ber+sepatu<n>_VSA	sepatu	grooming	n	34
383	ber+diaspora<n>_VSA	diaspora	reciprocal-collective-group-actions	n	1
665	ber+ibadah<n>_VSA	ibadah	reflexive-indirect-middle	n	327
551	ber+gerai<n>_VSA	gerai	reflexive-indirect-middle	n	1
1092	ber+lenggak<v>_VSA	lenggak	non-trans-mot	v	1
564	ber+gestur<n>_VSA	gestur	body-actions-others	n	1
1118	ber+logika<n>_VSA	logika	cognition-middle	n	9
290	ber+cerita<n>_VSA	cerita	emotion-middle-speech-action	n	1210
818	ber+kantung<n>_VSA	kantung	grooming	n	7
1623	ber+sedih<a>_VSA	sedih	emotion-middle-1-participant	a	152
1307	ber+paru<n>_VSA	paru	reflexive-indirect	n	1
592	ber+gulir<v>_VSA	gulir	translational-motion	v	203
1189	ber+mewah<a>_VSA	mewah	reflexive-indirect-middle	a	1
244	ber+bulir<n>_VSA	bulir	spontaneous-events-animate-being	n	3
1863	ber+tausiyah<n>_VSA	tausiyah	emotion-middle-speech-action	n	1
262	ber+cakap<n>_VSA	cakap	reciprocal-naturally-reciprocal-events	n	69
2031	ber+urut<n>_VSADASHturut<v>_VSA	urut	reciprocal-chaining	n	1
936	ber+koloni<n>_VSA	koloni	reciprocal-collective-group-actions	n	5
521	ber+gelisah<a>_VSA	gelisah	emotion-middle-1-participant	a	1
1197	ber+misi<n>_VSA	misi	intentional	n	1
1114	ber+listrik<n>_VSA	listrik	reflexive-indirect-middle	n	10
1762	ber+sombong<a>_VSA	sombong	self-control	a	1
2028	ber+urban<a>_VSA	urban	translational-motion	a	1
1563	ber+sahabat<n>_VSA	sahabat	reciprocal-naturally-reciprocal-events	n	341
994	ber+korban<n>_VSA	korban	involuntary self-harm	n	153
823	ber+karakteristik<n>_VSA	karakteristik	reflexive-indirect	n	14
790	ber+kabar<n>_VSA	kabar	emotion-middle-speech-action	n	24
671	ber+ideologi<n>_VSA	ideologi	cognition-middle	n	25
1881	ber+telekan<v>_VSA	telekan	positionals	v	6
928	ber+koalisi<n>_VSA	koalisi	reciprocal-collective-group-actions	n	59
1702	ber+serdawa<n>_VSA	serdawa	spontaneous-inanimate-state/activity-AUDITORY	n	7
1965	ber+toreh<v>_VSA	toreh	spontaneous-inanimate-state/activity-TACTILE	v	1
214	ber+bilas<v>_VSA	bilas	grooming	v	2
1642	ber+selawat<n>_VSA	selawat	reflexive-indirect-middle	n	2
1096	ber+lepas<v>_VSA	lepas	reciprocal-naturally-reciprocal-events	v	6
37	ber+aktivitas<n>_VSA	aktivitas	body-actions-others	n	253
1196	ber+minyak<n>_VSA	minyak	spontaneous-events-inanimate-being-psychochemical-change	n	34
2008	ber+ulang<v>_VSA	ulang	spontaneous-events-property-of-activities	v	766
295	ber+chatting<f>_VSA	chatting	reciprocal-naturally-reciprocal-events	f	2
1830	ber+tampang<n>_VSA	tampang	reflexive-indirect	n	13
1099	ber+libat<v>_VSA	libat	reciprocal-naturally-reciprocal-events	v	1
1247	ber+nyala<v>_VSA	nyala	spontaneous-inanimate-state/activity-VISUAL	v	1
1602	ber+santai<a>_VSA	santai	positionals	a	57
1638	ber+selancar<n>_VSA	selancar	translational-motion	n	49
1808	ber+syahadat<n>_VSA	syahadat	reflexive-indirect-middle	n	1
938	ber+kombinasi<n>_VSA	kombinasi	reciprocal-naturally-reciprocal-events	n	3
775	ber+jinjit<v>_VSA	jinjit	body-posture-change	v	56
217	ber+bineka<a>_VSA	bineka	reciprocal-collective-group-actions	a	7
794	ber+kacamata<n>_VSA	kacamata	grooming	n	53
737	ber+izin<n>_VSA	izin	reflexive-indirect-middle	n	59
1856	ber+taruh<v>_VSA	taruh	reflexive-indirect-middle	v	56
361	ber+denyut<n>_VSA	denyut	non-trans-mot-contained	n	60
1342	ber+pencak<n>_VSA	pencak	body-actions-others	n	1
503	ber+gegas<a>_VSA	gegas	translational-motion	a	816
1837	ber+tandang<v>_VSA	tandang	translational-motion	v	137
1283	ber+panas<a>_VSA	panas	grooming	a	1
1550	ber+rubah<n>_VSA	rubah	spontaneous-events-inanimate-being-change-of-shape	n	5
798	ber+kain<n>_VSA	kain	grooming	n	9
1150	ber+malas<a>_VSA	malas	cognition-middle	a	1
1741	ber+sinar<n>_VSA	sinar	spontaneous-inanimate-state/activity-VISUAL	n	219
80	ber+antusias<a>_VSA	antusias	cognition-middle	a	2
55	ber+ambisi<n>_VSA	ambisi	emotion-middle-desiderative	n	53
1158	ber+markas<n>_VSA	markas	positionals	n	72
1577	ber+salut<n>_VSA	salut	grooming	n	4
910	ber+kibar<v>_VSA	kibar	spontaneous-events-motion	v	71
632	ber+hawa<n>_VSA	hawa	spontaneous-events-inanimate-being-psychochemical-change	n	5
1178	ber+menit<n>_VSA	menit	spontaneous-events-property-of-activities	n	1
875	ber+kenan<a>_VSA	kenan	license	a	155
299	ber+cinta<n>_VSA	cinta	reciprocal-naturally-reciprocal-events	n	153
293	ber+cermin<n>_VSA	cermin	grooming	n	42
189	ber+belangkon<n>_VSA	belangkon	grooming	n	1
1936	ber+tindak<v>_VSA	tindak	body-actions-others	v	1739
410	ber+duka kecewa<n>_VSA	duka kecewa	emotion-middle-1-participant	n	1
1930	ber+tikai<n>_VSA	tikai	reciprocal-naturally-reciprocal-events	n	49
1667	ber+semburat<v>_VSA	semburat	spontaneous-inanimate-state/activity-VISUAL	v	2
1758	ber+sms<f>_VSA	sms	reciprocal-naturally-reciprocal-events	f	3
1526	ber+rendah<a>_VSA	rendah	emotion-middle-1-participant	a	3
2032	ber+usaha<n>_VSA	usaha	intentional	n	4883
1877	ber+tekuk<v>_VSADASHlutut<n>_NSD	tekuk	body-posture-change	v	3
1074	ber+lari<v>_VSA	lari	translational-motion	v	1230
921	ber+kirim<v>_VSA	kirim	middle-passive	v	64
349	ber+dekat<a>_VSA	dekat	reciprocal-naturally-reciprocal-events	a	1
1343	ber+pencar<v>_VSA	pencar	reciprocal-naturally-collective-actions	v	32
172	ber+batik<n>_VSA	batik	grooming	n	1
1184	ber+mertua<n>_VSA	mertua	reflexive-indirect-middle	n	1
1982	ber+tumbuk<v>_VSA	tumbuk	reciprocal-naturally-reciprocal-events	v	2
914	ber+kilap<n>_VSA	kilap	spontaneous-inanimate-state/activity-VISUAL	n	8
409	ber+duka<n>_VSA	duka	emotion-middle-1-participant	n	117
1020	ber+kudis<n>_VSA	kudis	reflexive-indirect	n	4
439	ber+energi<n>_VSA	energi	reflexive-indirect	n	22
1707	ber+serpihan<n>_VSA	serpihan	reciprocal-naturally-collective-actions	n	1
224	ber+bisnis<n>_VSA	bisnis	reciprocal-naturally-reciprocal-events	n	271
1540	ber+ribut<a>_VSA	ribut	emotion-middle-speech-action	a	1
1847	ber+tangkai<n>_VSA	tangkai	reflexive-indirect	n	8
434	ber+embrio<n>_VSA	embrio	spontaneous-events-animate-being	n	1
587	ber+gradasi<n>_VSA	gradasi	spontaneous-inanimate-state/activity-VISUAL	n	1
337	ber+daya cipta<n>_VSA	daya cipta	cognition-middle	n	1
141	ber+baku<a>_VSA	baku	reciprocal-naturally-reciprocal-events	a	2
159	ber+baret<n>_VSA	baret	grooming	n	2
1106	ber+lindung<v>_VSA	lindung	self-protection-or-self-preservation	v	107
1229	ber+nanah<n>_VSA	nanah	spontaneous-events-inanimate-being-psychochemical-change	n	15
758	ber+jas<n>_VSA	jas	grooming	n	9
1631	ber+sejajar<a>_VSA	sejajar	reciprocal-chaining	a	2
616	ber+hamba<n>_VSA	hamba	reflexive-indirect-middle	n	1
34	ber+aksi<n>_VSA	aksi	body-actions-others	n	128
1123	ber+lomba<n>_VSADASHloma<f>_F--	lomba	reflexive-indirect-middle	n	1
450	ber+falsafah<n>_VSA	falsafah	cognition-middle	n	1
1308	ber+paruh<n>_VSA	paruh	reflexive-indirect	n	7
2011	ber+ulir<n>_VSA	ulir	non-trans-mot	n	1
1505	ber+reaksi<n>_VSA	reaksi	body-actions-others	n	300
455	ber+fikir<v>_VSA	fikir	cognition-middle	v	230
276	ber+cebur<v>_VSA	cebur	grooming	v	1
1839	ber+tanding<v>_VSA	tanding	reciprocal-naturally-reciprocal-events	v	156
365	ber+derik<n>_VSA	derik	spontaneous-inanimate-state/activity-AUDITORY	n	4
1479	ber+putus<a>_VSADASHasa<n>_NSD	putus	reciprocal-naturally-reciprocal-events	v	1
415	ber+dusta<n>_VSA	dusta	emotion-middle-speech-action	n	43
1955	ber+tolak<v>_VSADASHbelakang<n>_NSD	tolakbelakang	reciprocal-naturally-reciprocal-events	v	4
1194	ber+minggu<n>_VSA	minggu	spontaneous-events-property-of-activities	n	4
1475	ber+putih<a>_VSA	putih	spontaneous-inanimate-state/activity-VISUAL	a	1
1212	ber+muka<n>_VSA	muka	reflexive-indirect	n	27
1754	ber+siul<v>_VSA	siul	emotion-middle-speech-action	v	24
1095	ber+lensa<n>_VSA	lensa	reflexive-indirect-middle	n	1
911	ber+kibas<v>_VSA	kibas	non-trans-mot	v	1
892	ber+keriput<n>_VSA	keriput	reflexive-indirect	n	5
1983	ber+tumpah<v>_VSA	tumpah	spontaneous-events-object-specific-container	v	3
1555	ber+runding<v>_VSA	runding	reciprocal-collective-group-actions	v	109
281	ber+celetuk<n>_VSA	celetuk	emotion-middle-speech-action	n	2
1358	ber+peran<n>_VSA serta<h>_H--	peran	reflexive-indirect-middle	n	3
1914	ber+terang<a>_VSA	terang	spontaneous-inanimate-state/activity-VISUAL	a	1
578	ber+golok<n>_VSA	golok	grooming	n	1
1067	ber+langgan<v>_VSA	langgan	reflexive-indirect-middle	v	1
331	ber+dasi<n>_VSA	dasi	grooming	n	25
654	ber+hormat<a>_VSA	hormat	body-posture-change	a	1
1653	ber+selop<n>_VSA	selop	grooming	n	1
1345	ber+pendar<n>_VSA	pendar	spontaneous-inanimate-state/activity-VISUAL	n	56
435	ber+embun<n>_VSA	embun	spontaneous-events-inanimate-being-psychochemical-change	n	26
800	ber+kaki<n>_VSA	kaki	reflexive-indirect	n	70
815	ber+kancing<n>_VSA	kancing	grooming	n	4
36	ber+akting<n>_VSA	akting	body-actions-others	n	32
14	ber+afiliasi<n>_VSA	afiliasi	reciprocal-collective-group-actions	n	69
332	ber+datang<v>_VSA	datang	translational-motion	v	2
1080	ber+layar<n>_VSA	layar	translational-motion	n	243
666	ber+ibadat<n>_VSA	ibadat	reflexive-indirect-middle	n	15
1328	ber+pegang<v>_VSA	pegang	body-actions-others	v	208
1270	ber+otoritas<n>_VSA	otoritas	reflexive-indirect-middle	n	3
680	ber+ikrar<n>_VSA	ikrar	emotion-middle-desiderative	n	16
175	ber+bau<n>_VSA	bau	spontaneous-events-property-of-inanimate-entity+OLFACTORY	n	257
378	ber+detak<n>_VSA	detak	non-trans-mot-contained	n	90
567	ber+giat<a>_VSA	giat	body-actions-others	a	15
782	ber+judi<n>_VSA	judi	reflexive-indirect-middle	n	72
2066	ber+zakat<n>_VSA	zakat	reflexive-indirect-middle	n	3
1326	ber+pedang<n>_VSA	pedang	grooming	n	1
995	ber+korelasi<n>_VSA	korelasi	reciprocal-naturally-reciprocal-events	n	151
640	ber+henti<v>_VSA	henti	spontaneous-events-property-of-activities	v	2795
1996	ber+uban<n>_VSA	uban	reflexive-indirect	n	34
572	ber+gilir<v>_VSA	gilir	reciprocal-chaining	v	51
1852	ber+tanya<v>_VSADASHjawab<v>_VSA	tanya	emotion-middle-speech-action	v	1
1124	ber+lompat<v>_VSA	lompat	translational-motion	v	2
1313	ber+paspor<n>_VSA	paspor	reflexive-indirect-middle	n	3
1017	ber+kubur<v>_VSA	kubur	grooming	v	1
238	ber+budidaya<n>_VSA	budidaya	body-actions-others	n	118
1644	ber+selendang<n>_VSA	selendang	grooming	n	9
94	ber+asalmuasal<n>_VSA	asalmuasal	positionals	n	2
1560	ber+sabda<n>_VSA	sabda	emotion-middle-speech-action	n	103
1576	ber+salto<n>_VSA	salto	non-trans-mot	n	4
1659	ber+semangat<n>_VSA	semangat	emotion-middle-1-participant	n	447
988	ber+konvoi<n>_VSA	konvoi	reciprocal-chaining	n	10
196	ber+belukar<n>_VSA	belukar	reciprocal-naturally-collective-actions	n	1
327	ber+dangdut<n>_VSA	dangdut	reciprocal-naturally-reciprocal-events	n	1
1272	ber+ovulasi<n>_VSA	ovulasi	spontaneous-events-animate-being	n	1
1149	ber+malam<n>_VSA	malam	reflexive-indirect-middle	n	91
1767	ber+sosial<n>_VSA	sosial	reciprocal-collective-group-actions	a	2
1305	ber+partisipatif<a>_VSA	partisipatif	reciprocal-naturally-reciprocal-events	a	1
394	ber+diri<n>_VSA	diri	body-posture-change	n	3758
1723	ber+siasat<n>_VSA	siasat	cognition-middle	n	22
897	ber+kerubung<pre-cat>_VSA	kerubung	grooming	pre-cat	2
1683	ber+sengketa<n>_VSA	sengketa	reciprocal-naturally-reciprocal-events	n	66
501	ber+gaya<n>_VSA	gaya	reflexive-indirect-middle	n	189
1228	ber+nama<n>_VSA	nama	reflexive-indirect	n	1961
464	ber+formasi<n>_VSA	formasi	reciprocal-collective-group-actions	n	1
344	ber+decap<n>_VSA	decap	non-trans-mot-contained	n	1
1912	ber+tepuk<v>_VSADASHtangan<n>_NSD	tepuk	reciprocal-naturally-reciprocal-events	v	11
552	ber+gerak<v>_VSA	gerak	non-trans-mot	v	3238
1728	ber+sikap<n>_VSA	sikap	body-actions-others	n	1099
517	ber+gelimang<a>_VSA	gelimang	grooming	a	27
1870	ber+tegur<v>_VSA	tegur	reciprocal-naturally-reciprocal-events	v	37
1152	ber+mandi<v>_VSA	mandi	grooming	v	5
1744	ber+sinerji<n>_VSA	sinerji	reciprocal-naturally-collective-actions	n	1
1656	ber+semadi<n>_VSA	semadi	cognition-middle	n	19
23	ber+akhir<n>_VSA	akhir	spontaneous-events-property-of-activities	n	1710
514	ber+geliang-geliut<n>_VSA	geliang-geliut	non-trans-mot	n	1
421	ber+ekor<n>_VSA	ekor	reflexive-indirect	n	19
1282	ber+pamer<v>_VSA	pamer	self-control	v	1
1869	ber+teguh<a>_VSA	teguh	emotion-middle-1-participant	a	1
1926	ber+tetangga<n>_VSA	tetangga	reciprocal-collective-group-actions	n	73
533	ber+gemerencing<v>_VSA	gemerencing	spontaneous-inanimate-state/activity-AUDITORY	v	1
1962	ber+topang<v>_VSA	topang	non-trans-mot	v	17
316	ber+cukur<v>_VSA	cukur	grooming	v	17
211	ber+biji<n>_VSA	biji	spontaneous-events-animate-being	n	27
523	ber+gelora<n>_VSA	gelora	spontaneous-events-inanimate-being-psychochemical-change	n	39
273	ber+capil<n>_VSA	capil	grooming	n	1
243	ber+bulan madu<n>_VSA	bulan madu	reciprocal-naturally-reciprocal-events	n	1
827	ber+karib<a>_VSA	karib	reciprocal-naturally-reciprocal-events	a	5
777	ber+jiwa<n>_VSA	jiwa	reflexive-indirect	n	161
1129	ber+luka<n>_VSA	luka	involuntary self-harm	n	1
1768	ber+sosialisasi<n>_VSA	sosialisasi	reciprocal-collective-group-actions	n	110
121	ber+azan<n>_VSA	azan	emotion-middle-speech-action	n	1
1643	ber+selempang<n>_VSA	selempang	grooming	n	6
570	ber+gigi<n>_VSA	gigi	reflexive-indirect	n	18
1027	ber+kumis<n>_VSA	kumis	reflexive-indirect	n	52
438	ber+empati<n>_VSA	empati	emotion-middle-2-participants	n	34
779	ber+jualbeli<n>_VSA	jualbeli	reciprocal-naturally-reciprocal-events	n	3
254	ber+busa<n>_VSA	busa	spontaneous-events-inanimate-being-psychochemical-change	n	17
106	ber+asrama<n>_VSA	asrama	positionals	n	19
636	ber+hemat<a>_VSA	hemat	reflexive-indirect-middle	a	40
586	ber+goyang<v>_VSA	goyang	non-trans-mot-contained	v	117
144	ber+balur<n>_VSA	balur	grooming	n	3
1052	ber+laku<n>_VSA	laku	reflexive-indirect-middle	a	1
866	ber+keluarga<n>_VSA	keluarga	reciprocal-collective-group-actions	n	135
924	ber+kitar<v>_VSA	kitar	non-trans-mot	v	2
652	ber+hitung<v>_VSA	hitung	cognition-middle	v	157
1578	ber+sama<a>_VSA	sama	reciprocal-naturally-reciprocal-events	a	10912
1173	ber+meditasi<n>_VSA	meditasi	cognition-middle	n	8
490	ber+gamis<n>_VSA	gamis	grooming	n	2
1218	ber+muram<a>_VSA	muram	emotion-middle-1-participant	a	9
1542	ber+ring<n>_VSA	ring	spontaneous-inanimate-state/activity-AUDITORY	n	2
47	ber+alih<v>_VSA	alih	non-trans-mot	v	518
1402	ber+pisah<v>_VSA	pisah	reciprocal-naturally-reciprocal-events	v	296
1234	ber+negara<n>_VSA	negara	reciprocal-collective-group-actions	n	491
1156	ber+manuver<n>_VSA	manuver	translational-motion	n	32
125	ber+bagi<n>_VSADASHke+mampu<a>+an_NSD	bagi	reciprocal-naturally-reciprocal-events	n	1
1875	ber+teksktur<n>_VSA	teksktur	spontaneous-events-property-of-inanimate-entity-TACTILE	n	1
525	ber+gelung<n>_VSA	gelung	grooming	n	25
1985	ber+tumpu<v>_VSA	tumpu	non-trans-mot	v	171
399	ber+doa<n>_VSA	doa	reflexive-indirect-middle	n	569
495	ber+garam<n>_VSA	garam	spontaneous-events-property-of-inanimate-entity-GUSTATORY	n	2
1413	ber+polemik<n>_VSA	polemik	reciprocal-naturally-reciprocal-events	n	9
542	ber+geming<n>_VSADASHseperti<r>_R--	geming	positionals	n	1
1285	ber+pandang<v>_VSA	pandang	reciprocal-naturally-reciprocal-events	v	1
2049	ber+waktu<n>_VSA	waktu	spontaneous-events-property-of-activities	n	3
296	ber+chemistry<f>_VSA	chemistry	reciprocal-naturally-reciprocal-events	f	1
1293	ber+pantun<n>_VSA	pantun	emotion-middle-speech-action	n	9
1986	ber+tumpuk<v>_VSA	tumpuk	reciprocal-chaining	v	64
1045	ber+laga<n>_VSA	laga	body-actions-others	n	109
983	ber+kontestasi<n>_VSA	kontestasi	reciprocal-naturally-reciprocal-events	n	15
1176	ber+melodi<n>_VSA	melodi	spontaneous-inanimate-state/activity-AUDITORY	n	2
531	ber+gemeletuk<v>_VSA	gemeletuk	spontaneous-inanimate-state/activity-AUDITORY	v	14
1791	ber+sukaria<a>_VSA	sukaria	emotion-middle-1-participant	a	4
943	ber+kompeten<a>_VSA	kompeten	reflexive-indirect-middle	a	78
404	ber+dongeng<n>_VSA	dongeng	emotion-middle-speech-action	n	2
150	ber+bangsa<n>_VSA	bangsa	reciprocal-collective-group-actions	n	418
77	ber+anjak<pre-cat>_VSA	anjak	translational-motion	pre-cat	689
1300	ber+parlemen<n>_VSA	parlemen	reciprocal-collective-group-actions	n	7
451	ber+fantasi<n>_VSA	fantasi	cognition-middle	n	18
101	ber+asosiasi<n>_VSA	asosiasi	reciprocal-collective-group-actions	n	117
1888	ber+temali<n>_VSA	temali	reciprocal-naturally-reciprocal-events	n	7
469	ber+fotografi<n>_VSADASHselalu<d>_D--	fotografi	reflexive-indirect-middle	n	1
20	ber+akad<n>_VSA	akad	reciprocal-naturally-reciprocal-events	n	3
1689	ber+sepakat<a>_VSA	sepakat	reciprocal-naturally-reciprocal-events	a	130
1490	ber+ramah<a>_VSADASHtanah<n>_NSD	ramah	reciprocal-naturally-reciprocal-events	a	1
1276	ber+pahala<n>_VSA	pahala	reflexive-indirect-middle	n	6
1535	ber+resonansi<n>_VSA	resonansi	reciprocal-naturally-reciprocal-events	n	5
1056	ber+lalu lalang<v>_VSA	lalu lalang	translational-motion	v	53
171	ber+batas<n>_VSA	batas	reciprocal-naturally-reciprocal-events	n	27
1975	ber+tuju<v>_VSA	tuju	intentional	v	1
27	ber+akrab<a>_VSA	akrab	reciprocal-naturally-reciprocal-events	a	4
233	ber+buai<v>_VSA	buai	spontaneous-events-motion	v	2
1012	ber+kuasa<n>_VSA	kuasa	reflexive-indirect-middle	n	519
397	ber+diskusi<n>_VSA	diskusi	reciprocal-collective-group-actions	n	463
1959	ber+tolong<v>_VSA	tolong	middle-passive	v	2
326	ber+dana<n>_VSA	dana	reflexive-indirect-middle	n	2
1641	ber+selaput<n>_VSA	selaput	grooming	n	3
903	ber+keterampilan<n>_VSA	keterampilan	reflexive-indirect-middle	n	11
228	ber+bondong<n>_VSA	bondong	reciprocal-collective-group-actions	n	8
1299	ber+pariwisata<n>_VSA	pariwisata	translational-motion	n	1
1205	ber+moral<n>_VSA	moral	cognition-middle	n	93
1662	ber+semayam<n>_VSA	semayam	positionals	n	69
1639	ber+selang<n>_VSA	selang	reciprocal-chaining	n	226
960	ber+konflik<n>_VSA	konflik	reciprocal-naturally-reciprocal-events	n	87
1701	ber+serban<n>_VSA	serban	grooming	n	23
1813	ber+tabur<v>_VSA	tabur	reciprocal-naturally-collective-actions	v	23
969	ber+konsentrasi<n>_VSA	konsentrasi	cognition-middle	n	206
1476	ber+putik<n>_VSA	putik	spontaneous-events-animate-being	n	1
1749	ber+sirip<n>_VSA	sirip	reflexive-indirect	n	3
747	ber+jalin<v>_VSA	jalin	reciprocal-naturally-reciprocal-events	v	3
1221	ber+musyawarah<n>_VSA	musyawarah	reciprocal-collective-group-actions	n	42
1622	ber+sedia<v>_VSA	sedia	license	v	1143
569	ber+gidik<pre-cat>_VSA	gidik	non-trans-mot-contained	pre-cat	91
622	ber+harap<v>_VSA	harap	emotion-middle-desiderative	v	2574
1109	ber+liontin<n>_VSA	liontin	grooming	n	2
1144	ber+makan<v>_VSA	makan	reflexive-indirect-middle	v	4
1008	ber+ktp<n>_VSA	ktp	reflexive-indirect-middle	n	4
468	ber+fotografi<n>_VSA	fotografi	reflexive-indirect-middle	n	9
1516	ber+rekreasi<n>_VSA	rekreasi	reciprocal-naturally-reciprocal-events	n	20
195	ber+belok<v>_VSA	belok	translational-motion	v	168
1666	ber+sembunyi<v>_VSA	sembunyi	reflexive-indirect-middle	v	300
1648	ber+selimut<n>_VSA	selimut	grooming	n	30
1547	ber+ronda<n>_VSA	ronda	self-protection-or-self-preservation	n	1
1210	ber+muasal<n>_VSA	muasal	positionals	n	1
2044	ber+wacana<n>_VSA	wacana	emotion-middle-speech-action	n	7
1763	ber+sopan<a>_VSA	sopan	self-control	a	1
1765	ber+soraksorai<n>_VSA	soraksorai	emotion-middle-speech-action	n	46
486	ber+galas<n>_VSA	galas	grooming	n	2
1436	ber+prasangka<n>_VSA	prasangka	cognition-middle	n	40
375	ber+desir<n>_VSA	desir	spontaneous-inanimate-state/activity-AUDITORY	n	42
1938	ber+tindih<v>_VSA	tindih	reciprocal-naturally-reciprocal-events	v	1
71	ber+angin<n>_VSA	angin	spontaneous-events-inanimate-being-psychochemical-change	n	10
1794	ber+sulam<v>_VSA	sulam	reciprocal-naturally-reciprocal-events	v	4
1093	ber+lenggak lenggok<v>_VSA	lenggak lenggok	non-trans-mot	v	8
342	ber+debat<n>_VSA	debat	emotion-middle-speech-action	n	173
894	ber+kerjasama<n>_VSA	kerjasama	reciprocal-naturally-reciprocal-events	n	8
1237	ber+nenek<n>_VSA	nenek	reflexive-indirect-middle	n	1
1916	ber+teriak<n>_VSADASHakhirnya<b>_B--	teriak	emotion-middle-speech-action	n	1
1472	ber+pusing<n>_VSA	pusing	cognition-middle	n	1
1085	ber+lelah<a>_VSA	lelah	body-actions-others	a	1
1070	ber+lanjut<v>_VSA	lanjut	spontaneous-events-property-of-activities	v	635
458	ber+firman<n>_VSA	firman	emotion-middle-speech-action	n	74
1039	ber+kurung<v>_VSA	kurung	positionals	v	3
1862	ber+tauhid<n>_VSA	tauhid	cognition-middle	n	6
50	ber+alis<n>_VSA	alis	reflexive-indirect	n	2
1979	ber+tulang<n>_VSA	tulang	reflexive-indirect	n	33
1104	ber+limbah<n>_VSA	limbah	spontaneous-events-object-specific-substance	n	1
1207	ber+motivasi<n>_VSA	motivasi	emotion-middle-desiderative	n	15
270	ber+canda<n>_VSA	canda	reciprocal-naturally-reciprocal-events	n	203
219	ber+bintang<n>_VSA	bintang	spontaneous-inanimate-state/activity-VISUAL	n	44
1731	ber+silang<v>_VSA	silang	reciprocal-naturally-reciprocal-events	v	18
1301	ber+parodi<n>_VSA	parodi	emotion-middle-speech-action	n	1
1609	ber+sarung<n>_VSA	sarung	grooming	n	30
1989	ber+turut<v>_VSADASHtirut<x>_X--	turut	reciprocal-chaining	v	1
1743	ber+sinergis<a>_VSA	sinergis	reciprocal-naturally-collective-actions	a	2
1573	ber+salin<v>_VSA	salin	grooming	v	136
853	ber+kedip<n>_VSA	kedip	spontaneous-events-animate-being	n	110
739	ber+jabat<v>_VSA	jabat	reciprocal-naturally-reciprocal-events	v	68
675	ber+ijazah<n>_VSA	ijazah	reflexive-indirect-middle	n	26
1336	ber+peluang<n>_VSA	peluang	reflexive-indirect-middle	n	157
1607	ber+sarang<n>_VSA	sarang	translational-motion	n	76
1251	ber+obat<n>_VSA	obat	reflexive-indirect-middle	n	265
940	ber+komentar<n>_VSA	komentar	emotion-middle-speech-action	n	251
456	ber+filosofi<n>_VSA	filosofi	cognition-middle	n	4
912	ber+kicau<n>_VSA	kicau	spontaneous-inanimate-state/activity-AUDITORY	n	47
260	ber+cahaya<n>_VSA	cahaya	spontaneous-inanimate-state/activity-VISUAL	n	122
1059	ber+lama<a>_VSADASHmana<n>_NSD	lama	spontaneous-events-property-of-activities	a	1
778	ber+jual<v>_VSA	jual	reflexive-indirect-middle	v	7
585	ber+gotongroyong<n>_VSA	gotongroyong	reciprocal-collective-group-actions	n	19
1042	ber+labuh<v>_VSA	labuh	positionals	v	94
364	ber+deret<n>_VSA	deret	reciprocal-naturally-reciprocal-events	n	70
537	ber+gemeretuk<v>_VSA	gemeretuk	spontaneous-inanimate-state/activity-AUDITORY	v	4
1788	ber+suka<v>_VSA	suka	emotion-middle-1-participant	v	20
1214	ber+mula<n>_VSA	mula	spontaneous-events-property-of-activities	n	382
1121	ber+lokus<n>_VSA	lokus	positionals	n	1
764	ber+jaya<n>_VSA	jaya	reflexive-indirect-middle	n	83
311	ber+crosslining<f>_VSA	crosslining	grooming	f	1
247	ber+bunga<n>_VSA	bunga	spontaneous-events-animate-being	n	94
515	ber+geliat<v>_VSA	geliat	non-trans-mot	v	15
324	ber+damai<a>_VSA	damai	reciprocal-naturally-reciprocal-events	a	127
744	ber+jalan<n>_VSA	jalan	translational-motion	n	6428
1198	ber+mitra<n>_VSA	mitra	reciprocal-naturally-reciprocal-events	n	77
1954	ber+tolak<v>_VSA	tolak	translational-motion	v	280
808	ber+kalung<n>_VSA	kalung	grooming	n	10
143	ber+balik<v>_VSA	balik	non-trans-mot	v	326
154	ber+bantah<v>_VSA	bantah	emotion-middle-speech-action	v	5
1718	ber+sholat<n>_VSA	sholat	reflexive-indirect-middle	n	3
1935	ber+timbun<v>_VSA	timbun	reciprocal-naturally-reciprocal-events	v	2
1025	ber+kulit<n>_VSA	kulit	reflexive-indirect	n	207
1209	ber+muara<n>_VSA	muara	positionals	n	146
1079	ber+lawan<v>_VSA	lawan	reciprocal-naturally-reciprocal-events	v	4
1908	ber+teori<n>_VSA	teori	cognition-middle	n	16
1055	ber+lalu<v>_VSADASHlintas<v>_VSA	lalu	translational-motion	v	3
1415	ber+poligami<n>_VSA	poligami	reciprocal-naturally-reciprocal-events	n	8
75	ber+angsur<v>_VSA	angsur	spontaneous-events-property-of-activities	v	136
1491	ber+ramahtamah<n>_VSA	ramahtamah	reciprocal-naturally-reciprocal-events	n	11
1489	ber+ramah<a>_VSA	ramah	reciprocal-naturally-reciprocal-events	a	4
1990	ber+tutup<v>_VSA	tutup	spontaneous-events-object-specific-port	v	9
1988	ber+turut<v>_VSA	turut	reciprocal-chaining	v	49
2056	ber+wawancara<n>_VSA	wawancara	reciprocal-naturally-reciprocal-events	n	4
182	ber+beda<a>_VSADASHdalam<a>_ASP	beda	reciprocal-naturally-reciprocal-events	n	1
1338	ber+peluk<v>_VSA	peluk	reciprocal-naturally-reciprocal-events	v	30
1125	ber+lonceng<n>_VSA	lonceng	spontaneous-inanimate-state/activity-AUDITORY	n	1
1281	ber+paling<v>_VSA	paling	non-trans-mot	v	130
1054	ber+lalu<v>_VSA	lalu	translational-motion	v	841
128	ber+bagi<n>_VSADASHrisiko<n>_NSD	bagi	reciprocal-naturally-reciprocal-events	n	1
987	ber+kontribusi<n>_VSA	kontribusi	reciprocal-naturally-reciprocal-events	n	664
1795	ber+suluh<n>_VSA	suluh	grooming	n	2
946	ber+kompetitif<a>_VSA	kompetitif	reciprocal-naturally-reciprocal-events	a	1
1497	ber+rangkai<v>_VSA	rangkai	reciprocal-chaining	v	11
1587	ber+sampo<n>_VSA	sampo	grooming	n	1
1722	ber+siap<a>_VSA	siap	readiness	a	424
2062	ber+wiraswasta<n>_VSA	wiraswasta	reflexive-indirect-middle	n	11
1091	ber+lengan<n>_VSA	lengan	reflexive-indirect	n	20
1673	ber+senandung<n>_VSA	senandung	emotion-middle-speech-action	n	55
1827	ber+tambah<v>_VSA	tambah	spontaneous-events-inanimate-being-change-of-shape	v	1275
443	ber+etnik<n>_VSA	etnik	reflexive-indirect	n	4
197	ber+benah<v>_VSA	benah	grooming	v	90
1157	ber+marga<n>_VSA	marga	reflexive-indirect	n	11
1531	ber+reproduksi<n>_VSA	reproduksi	spontaneous-events-animate-being	n	14
1579	ber+sama<a>_VSADASHsam<f>_F--	sama	reciprocal-naturally-reciprocal-events	a	2
1256	ber+olah<v>_VSADASHraga<n>_NSD	olah	reflexive-indirect-middle	v	1
2065	ber+wujud<n>_VSA	wujud	reflexive-indirect	n	400
1377	ber+petir<n>_VSA	petir	spontaneous-events-change-of-state	n	3
1514	ber+rehat<v>_VSA	rehat	positionals	v	1
590	ber+gulat<v>_VSA	gulat	reciprocal-naturally-reciprocal-events	v	25
1941	ber+tingkah<n>_VSA	tingkah	self-control	n	118
1235	ber+negosiasi<n>_VSA	negosiasi	reciprocal-collective-group-actions	n	83
376	ber+desis<n>_VSA	desis	spontaneous-inanimate-state/activity-AUDITORY	n	12
741	ber+jaga<v>_VSA	jaga	self-protection-or-self-preservation	v	176
687	ber+imam<n>_VSA	imam	reflexive-indirect-middle	n	1
708	ber+instagram<n>_VSA	instagram	reflexive-indirect-middle	n	1
2004	ber+ujung<n>_VSADASHpangkal<n>_NSD	ujung	positionals	n	1
237	ber+budi<n>_VSA	budi	cognition-middle	n	55
1860	ber+tatap<v>_VSA	tatap	reciprocal-naturally-reciprocal-events	v	59
913	ber+kilah<n>_VSA	kilah	cognition-middle	n	22
335	ber+daya<n>_VSA	daya	reflexive-indirect	n	671
1133	ber+lumur<v>_VSA	lumur	grooming	v	37
1897	ber+tenang<a>_VSA	tenang	emotion-middle-1-participant	a	1
2033	ber+usia<n>_VSA	usia	reflexive-indirect	n	1636
1394	ber+pindah<v>_VSA	pindah	translational-motion	v	577
891	ber+keringat<n>_VSA	keringat	body-actions-others	n	127
208	ber+bibir<n>_VSA	bibir	reflexive-indirect	n	9
1861	ber+tatap<v>_VSADASHmuka<n>_NSD	tatap muka	reciprocal-naturally-reciprocal-events	v	1
1148	ber+maksud<n>_VSA	maksud	intentional	n	380
793	ber+kaca<n>_VSA	kaca	grooming	n	88
13	ber+aerobik<n>_VSA	aerobik	body-actions-others	n	1
1019	ber+kuda<n>_VSA	kuda	translational-motion	n	75
1911	ber+tepuk<v>_VSA	tepuk	reciprocal-naturally-reciprocal-events	v	145
1306	ber+partner<n>_VSA	partner	reciprocal-naturally-reciprocal-events	n	7
127	ber+bagi<n>_VSADASHpakai<v>_VSA	bagi	reciprocal-naturally-reciprocal-events	n	1
1738	ber+simpati<n>_VSA	simpati	emotion-middle-2-participants	n	59
1227	ber+nalar<n>_VSA	nalar	cognition-middle	n	35
1381	ber+pidato<n>_VSA	pidato	emotion-middle-speech-action	n	282
155	ber+bantal<n>_VSA	bantal	positionals	n	3
1146	ber+makna<n>_VSA	makna	reflexive-indirect-middle	n	1378
1967	ber+transformasi<n>_VSA	transformasi	spontaneous-events-inanimate-being-change-of-shape	n	85
1865	ber+tawakal<n>_VSA	tawakal	cognition-middle	n	13
1872	ber+tekad<n>_VSA	tekad	emotion-middle-desiderative	n	284
527	ber+gema<n>_VSA	gema	spontaneous-inanimate-state/activity-AUDITORY	n	53
1969	ber+transmisi<n>_VSA	transmisi	translational-motion	n	8
86	ber+argumentasi<n>_VSA	argumentasi	reciprocal-naturally-reciprocal-events	n	33
1255	ber+olah<v>_VSA	olah	reflexive-indirect-middle	v	38
1581	ber+sama<a>_VSADASHsana<n>_NSD	sama	reciprocal-naturally-reciprocal-events	a	1
1460	ber+pulang<v>_VSA	pulang	translational-motion	v	69
561	ber+gerombol<n>_VSA	gerombol	reciprocal-collective-group-actions	n	61
475	ber+gabung<v>_VSA	gabung	reciprocal-naturally-collective-actions	v	1385
1013	ber+kuasa<n>_VSADASHyang<s>_S--	kuasa	reflexive-indirect-middle	n	1
1752	ber+sisir<n>_VSA	sisir	grooming	n	4
644	ber+hijab<n>_VSA	hijab	grooming	n	22
532	ber+gemercik<v>_VSA	gemercik	spontaneous-inanimate-state/activity-AUDITORY	v	1
1597	ber+sanggul<n>_VSA	sanggul	grooming	n	2
1968	ber+transisi<n>_VSA	transisi	spontaneous-events-change-of-state	n	4
251	ber+buru<v>_VSA	buru	reciprocal-chaining	v	294
1790	ber+sukaria<n>_VSA	sukaria	emotion-middle-1-participant	n	1
356	ber+dengung<n>_VSA	dengung	spontaneous-inanimate-state/activity-AUDITORY	n	34
1225	ber+nafas<n>_VSA	nafas	body-actions-others	n	39
1136	ber+maaf<n>_VSA	maaf	reciprocal-naturally-reciprocal-events	n	1
1022	ber+kukuh<a>_VSA	kukuh	emotion-middle-1-participant	a	52
1266	ber+organisasi<n>_VSA	organisasi	reciprocal-collective-group-actions	n	153
1621	ber+sedekah<n>_VSA	sedekah	reflexive-indirect-middle	n	39
520	ber+gelinjang<v>_VSA	gelinjang	non-trans-mot	v	3
1574	ber+salin<v>_VSADASHrupa<n>_NSD	salin rupa	grooming	v	1
1440	ber+prestasi<n>_VSA	prestasi	reflexive-indirect-middle	n	506
519	ber+gelinding<v>_VSA	gelinding	translational-motion	v	2
158	ber+bapa<n>_VSA	bapa	reflexive-indirect-middle	n	1
1021	ber+kuku<n>_VSA	kuku	reflexive-indirect	n	3
1113	ber+lisensi<n>_VSA	lisensi	reflexive-indirect-middle	n	7
351	ber+demo<n>_VSA	demo	reciprocal-collective-group-actions	n	14
746	ber+jalar<v>_VSA	jalar	reciprocal-naturally-collective-actions	v	1
164	ber+basah<a>_VSA	basah	grooming	a	1
1464	ber+punuk<n>_VSA	punuk	reflexive-indirect	n	2
70	ber+anggota<n>_VSA	anggota	reciprocal-collective-group-actions	n	9
1903	ber+tenis<n>_VSA	tenis	body-actions-others	n	1
871	ber+kembangbiak<n>_VSA	kembangbiak	body-actions-others	n	9
1325	ber+peci<n>_VSA	peci	grooming	n	21
1510	ber+reformasi<n>_VSA	reformasi	spontaneous-events-inanimate-being-change-of-shape	n	2
540	ber+gemerincing<v>_VSA	gemerincing	spontaneous-inanimate-state/activity-AUDITORY	v	5
1360	ber+perangai<n>_VSA	perangai	self-control	n	13
541	ber+geming<n>_VSA	geming	positionals	n	149
543	ber+gempita<a>_VSA	gempita	spontaneous-inanimate-state/activity-AUDITORY	a	1
526	ber+gelut<v>_VSA	gelut	reciprocal-naturally-reciprocal-events	v	67
856	ber+kelakar<n>_VSA	kelakar	emotion-middle-speech-action	n	33
