LEFT	NODE	RIGHT	GENRE	RELEVAN	STEM	AGENT_ENCODED	AGENT_PHRASE_TYPE	AGENT_ANIMACY	AGENT_CATEGORY	INTERCEPTION_BEFORE_AGENT
roaminoto kepada orang tua Raden Ajeng Soeharsikin	diterima	dengan baik, karena kedua orang tua menilai kedud	Biografi	TRUE	terima	FALSE				
tidak banyak berarti ketika SDM penduduknya tidak	dibenahi	dengan baik.	Biografi	TRUE	benah-i	FALSE				
kantor tahu, kalau	diminta	membelikan sesuatu oleh Auwjong, uang kembalianny	Biografi	TRUE	minta	TRUE	oleh_phrase	animate	person	TRUE
Dengan adanya sosok pengusaha seperti Mas Nadjikh	diharapkan	bisa ikut mengentaskan kemiskinan yang diderita p	Biografi	TRUE	harap-kan	FALSE				
, kampanye mahal dengan hasil riset yang cenderung	dimanipulasi	, atau kampanye sehat, hemat, dan bermartabat? Sek	Biografi	TRUE	manipulasi	FALSE				
mereka mengusahakan agar kegiatan-kegiatan mereka	diresapi	semangat Injil, dan hendaknya mereka mengindahkan	Biografi	TRUE	resap-i	FALSE				
arnya menarik setengah juta orang. Selain menuntut	dilarangnya	PKI, mereka mendesak dibersihkannya kabinet, parl	Biografi	FALSE						
Lyduma Intermas yaitu Ir. Nicolaus Simamora, MSA,	didampingi	Chief Engineer Pioneer Hi-Bred International Inc.	Biografi	TRUE	damping-i	TRUE	np	animate	person	FALSE
uga aksi politik di antara penduduk ikut berperan.	Dimulai	dengan aksi Sarekat Islam yang masih terus berlan	Biografi	TRUE	mula-i	FALSE				
keserasian dan dapat memberi kepuasan. Inilah yang	disebut	dasar Kebudayaan.	Biografi	TRUE	sebut	FALSE				
k peristiwa Gerakan 30 September, di Jakarta mulai	diadakan	jam malam, yaitu waktu ditentukan untuk tidak bol	Biografi	TRUE	ada-kan	FALSE				
Mungkin Anda	dilahirkan	sebagai orang miskin. Namun, dengan semangat ting	Biografi	TRUE	lahir-kan	FALSE				
sebuah perusahaan mulai ditawarkan Presiden. Semua	ditolak	halus oleh mereka.	Biografi	TRUE	tolak	TRUE	oleh_phrase	animate	person	TRUE
berpegang teguh pada prinsip-prinsip tersebut Ini	dikatakan	Baswedan secara jujur seolah-olah masa depannya s	Biografi	TRUE	kata-kan	TRUE	np	animate	person	FALSE
n di awal perjalanan. Bahkan, boleh jadi yang akan	dihadapi	adalah hal-hal yang serba-meragukan dan membuat p	Biografi	TRUE	hadap-i	FALSE				
hanya runner up. Selanjutnya, piala tersebut tenis	dipertahankan	China hingga tahun 2008.	Biografi	TRUE	per-tahan-kan	TRUE	np	inanimate	institution/organisation	FALSE
tempat tidur ayah dan ibunya. Pekerjaan ini tidak	diserahkan	kepada pembantu, demikian juga dengan urusan kama	Biografi	TRUE	serah-kan	FALSE				
h. Di dekatku, kulihat si Kuning sedang menatap ke	dinding	. Rupanya di atas dinding ada seekor cecak. Kucing	Biografi	FALSE						
ewakili pengurangan produksi sebanyak 300 ribu ton	dibandingkan	1.200.000 ton untuk pabrik- pabrik yang bekerja d	Biografi	TRUE	banding-kan	FALSE				
topo (disampaikan oleh Kolonel Aloysius Soegianto)	diterimanya	, Moerdani langsung siap meninggalkan Seoul dengan	Biografi	TRUE	terima	TRUE	pron-klitik-nya			
ahun kemudian, atau dua bulan setelah Negara Islam	diproklamasikan	, pada 3 Oktober 1949, maklumat itu direvisi menja	Biografi	TRUE	proklamasi-kan	FALSE				
g erat tidak hanya	dijalin	Agus Supriatna di dalam lingkungan Mabes TNI AU C	Biografi	TRUE	jalin	TRUE	np	animate	person	FALSE
hwa kehidupan adalah bentuk dari surga dan neraka.	Diketahui	bahwa dalam kehidupan ini, ada untung dan rugi, a	Biografi	TRUE	ke-tahu-i	FALSE				
a sendiri yang datang ke rumah mengantar undangan,	didampingi	oleh Ustadz Guru Djam'an, Pimpinan Perguruan Isla	Biografi	TRUE	damping-i	TRUE	oleh_phrase	animate	person	FALSE
reka mendapat sentuhan, sedikit sekalipun. Hal ini	disebabkan	latar belakang mereka yang berasal dari keluarga	Biografi	TRUE	sebab-kan	TRUE	np	inanimate	abstraction	FALSE
ak. Tidak jarang, anak-anak yang bermain ke masjid	dilarang	dan disuruh keluar, karena pengelola masjid menga	Biografi	TRUE	larang	FALSE				
diri. Muhammad Darwis bisa menjelaskan materi yang	dipelajarinya	dengan rinci, sehingga orang yang mendengar penje	Biografi	TRUE	pel-ajar-i	TRUE	pron-klitik-nya			
selaku wakil ketua PPBB menghadiri rapat umum yang	diselenggarakan	pada 27 Agustus 1931 di Gedung Kesenian Batavia d	Biografi	TRUE	selenggara-kan	FALSE				
ionir dalam industri ini yang mulai diproduksi dan	digunakan	pada awal 1960-an.	Biografi	TRUE	guna-kan	FALSE				
ih penting untuk mendapatkan perhatian. Sikap yang	diambil	Jokowi itu merupakan wujud kepeduliannya terhadap	Biografi	TRUE	ambil	TRUE	np	animate	person	FALSE
ecara khusus dan	disiapkan	agar bisa diterima di berbagai universitas dalam	Biografi	TRUE	siap-kan	FALSE				
ering menemani Emma. Sementara itu perusahaan yang	didirikan	Jonner makin berkembang.	Biografi	TRUE	diri-kan	TRUE	np	animate	person	FALSE
t usaha rakyat. Akses pendidikan dan kesejahteraan	ditingkatkan	.	Biografi	TRUE	tingkat-kan	FALSE				
lim yang taat maupun yang kurang taat (yang sering	disebut	abangan). Tidak ada kewajiban untuk mempelajari a	Biografi	TRUE	sebut	FALSE				
h memasuki kantor, Yap menyapa beberapa orang yang	ditemuinya	". """"Hai, apa kabar?"""" ujarnya. Ya, itu saja yang diu"	Biografi	TRUE	temu-i	TRUE	pron-klitik-nya			
ukan Jokowi. Mereka yang paham gerak perubahan itu	dipastikan	akan memperoleh keuntungan berlipat ganda. Sement	Biografi	TRUE	pasti-kan	FALSE				
Semua	dikecap	BamSoet dari pergumulannya sebagai wartawan perle	Biografi	TRUE	kecap	TRUE	np	animate	person	FALSE
dalam waktu relatif cepat, sekitar 1-2 jam. Kadang	dibuatnya	satu, kadang dua buah sekaligus. Itu dilakukannya	Biografi	TRUE	buat	TRUE	pron-klitik-nya			
osial kemasyarakatan yang lain. Aplikasi ini dapat	diunduh	di Play Store. Saat ini. sudah lebih dari 1.000 o	Biografi	TRUE	unduh	FALSE				
an secara perseorangan, kelompok atau fraksi, yang	disampaikan	kepada pimpinan dewan untuk ditindaklanjuti melal	Biografi	TRUE	sampai-kan	FALSE				
urid yang pagi itu masuk sekolah dan melewati tuan	direktur	harus terlebih dahulu mencium tangan Edrus. Ketik	Biografi	FALSE						
ngunjungi para agen di Jawa Tengah. Di sana mereka	dipinjami	sepeda motor oleh teman Ojong. Kurnia mengendarai	Biografi	TRUE	pinjam-i	TRUE	oleh_phrase	inanimate	technology	TRUE
seorang yang	dikenal	baik Presiden Soekarno. Dialah yang mula-mula men	Biografi	TRUE	kenal	TRUE	np	animate	person	TRUE
Kekuasaan harus	dilaksanakan	sebaik-baiknya. Untuk mencapai hal itu, perlu dip	Biografi	TRUE	laksana-kan	FALSE				
okrat (Sociaal Democratische Arbeiders Partij), DD	diberikan	kesempatan untuk memberikan caramah di Paleis voo	Biografi	TRUE	beri-kan	FALSE				
membutuhkan banyak pasokan barang yang belum bisa	diproduksi	sendiri. Terlebih lagi banyak negara Asia Tenggar	Biografi	TRUE	produksi	FALSE				
alah seorang yang berjuang dalam antikekerasan dan	diskriminasi	di Indonesia. Titik awal saya bertemu AB Susanto	Biografi	FALSE						
ihak yang selama ini sering menjadi calo alutsista	dihindari	sehingga pembelian benar-benar berorientasi pada	Biografi	TRUE	hindar-i	FALSE				
dikit saja, aku akan kehilangan satu mataku. Kalau	dipikir-pikir	, aku masih beruntung hanya terluka pangkal	Biografi	TRUE	pikir	FALSE				
kan bahwa apabila aturan umum tentang hal tersebut	diberlakukan	untuk semuanya, pemerintah kemungkinan akan membe	Biografi	TRUE	ber-laku-kan	FALSE				
literatur manajemen, fungsi perencanaan senantiasa	ditempatkan	sebagai fungsi manajemen yang pertama. Hal ini me	Buku_Teks	TRUE	tempat-kan	FALSE				
gaya Flathead namun mereka cukup berbeda sehingga	dibedakan	sebagai kesatuan yang terpisah. Pada komunitas Ba	Buku_Teks	TRUE	beda-kan	FALSE				
straksi oksigen adalah fraksi oksigen kapiler yang	dikonsumsi	oleh jaringan. Normalnya hanya sejumlah 25% dari	Buku_Teks	TRUE	konsumsi	TRUE	oleh_phrase	animate	body	FALSE
akibat. Seseorang mendapat- kan haknya dikarenakan	dipenuhinya	kewajiban yang dimiliki. Misalnya, seorang pekerj	Buku_Teks	TRUE	penuh-i	TRUE	pron-klitik-nya			
gembangkan sistem pemasaran, misalnya yang awalnya	dilakukan	secara konvensional, dikembangkan dengan cara onl	Buku_Teks	TRUE	laku-kan	FALSE				
ukan larutan baku primer, maka larutan KMnO4 harus	distandarisasi	, antara lain dengan arsen (III) oksida (As2O3) da	Buku_Teks	TRUE	standarisasi	FALSE				
h banyak diuraikan. Ada 3 tipe analysis yang telah	digunakan	untuk menjelaskan Hubungan I-S yaitu: korelasi da	Buku_Teks	TRUE	guna-kan	FALSE				
dan preservesi. Meksipun konsep pertumbuhan tidak	ditinggalkan	begitu saja, namun juuga harus diukur secara kual	Buku_Teks	TRUE	tinggal-kan	FALSE				
egara merupakan masalah yang cukup rumit, sehingga	diperlukan	pengelolaan yang baik. Melalui pasar tenaga kerja	Buku_Teks	TRUE	perlu-kan	FALSE				
at ini masih menjadi permasalahan yang belum dapat	diselesaikan	secara tuntas. Berbagai masalah pokok itulah yang	Buku_Teks	TRUE	selesai-kan	FALSE				
2. Kematian orang yang	diwarisi	, walaupun kematian tersebut berdasarkan vonis pen	Buku_Teks	TRUE	waris-i	FALSE				
lkan suatu barang	diperlukan	biaya produksi. Tinggi rendahnya biaya produksi y	Buku_Teks	TRUE	perlu-kan	FALSE				
rtanggung jawabkan di hadapanNya. Tugas hidup yang	dipikul	manusia di muka bumi adalah tugas kekhalifaan, ya	Buku_Teks	TRUE	pikul	TRUE	np	animate	person	FALSE
angkah ini merupakan kelanjutan manajemen terhadap	diagnosis	atau masalah yang telah diidentifikasi atau diant	Buku_Teks	FALSE						
4)	Disiplin	~	Buku_Teks	FALSE						
1. Jelaskan yang	dimaksud	dengan plot dalam naskah lakon!	Buku_Teks	TRUE	maksud	FALSE				
at pemerintah yang bersangkutan. Akan tetapi, yang	disebut	top administrator adalah presiden, menteri, sekre	Buku_Teks	TRUE	sebut	FALSE				
up besar dan hanya bisa transfer ke rekening pajak-	disukai	. Selanjutnya makalah oleh James Poterba, Venti, d	Buku_Teks	TRUE	suka-i	FALSE				
b. Tangga nada	diatonis	minor	Buku_Teks	FALSE						
ng dipimpin oleh Mengki. Kertanegara marah, Mengki	disakiti	dan disuruh kembali ke Cina. Hal inilah yang memb	Buku_Teks	TRUE	sakit-i	FALSE				
Dan	dirikanlah	shalat, tunaikanlah zakat dan ruku'lah beserta or	Buku_Teks	FALSE						
Dapat	disimpulkan	juga, ketika individu menyatakan bahwa hidupnya i	Buku_Teks	TRUE	simpul-kan	FALSE				
t karakteristik musik tertentu dan juga makna yang	diberikan	masyarakat kepada karakteristik musik tersebut. J	Buku_Teks	TRUE	beri-kan	TRUE	np	animate	person	FALSE
dan Uranus tidak	disebutkan	dalam pandangan aliran Surya Sidhanta. Aliran ini	Buku_Teks	TRUE	sebut-kan	FALSE				
sa diperintahkan untuk melaksanakan tauhid seperti	disebutkan	dalam Surat Thaha : 13-14 sebagai berikut :	Buku_Teks	TRUE	sebut-kan	FALSE				
embantu Raja Palembang dalam melawan VOC, langsung	diserang	oleh tentara VOC di tengah perjalanan.	Buku_Teks	TRUE	serang	TRUE	oleh_phrase	animate	person	FALSE
hanley TP. Acute lung injury and acute respiratory	distress	syndrome. Dalam: Wheeler DS, Wong HR, Shanley TP,	Buku_Teks	FALSE						
anjutnya. Tingkah laku musik orang tersebut sangat	dipengaruhi	oleh masyarakat melalui rangsangan dan batasan, y	Buku_Teks	TRUE	pengaruh-i	TRUE	oleh_phrase	animate	person	FALSE
enyebabkan asas hukum tersebut dilanggar maka akan	dituntut	, dipidana dan/atau dikenakan sanksi administratif	Buku_Teks	TRUE	tuntut	FALSE				
dari internet,	diskusikan	di kelompokmu dan presentasikan hasil diskusi kal	Buku_Teks	FALSE						
ta hukumnya, sehingga pada tanggal 18 Agustus 1945	ditetapkanlah	Undang-Undang Dasar yang supel dan elastik dengan	Buku_Teks	TRUE	tetap-kan	FALSE				
n antara kerohanian & kebendaan. Keseimbangan yang	dimaksud	adalah kesimbangan dalam berbagai aspek baik jasm	Buku_Teks	TRUE	maksud	FALSE				
terpenting terletak di lembah Sungai Mekong. Laos	diselimuti	hutan lebat. Laos juga memiliki dataran tinggi da	Buku_Teks	TRUE	selimut-i	TRUE	np	animate	plantation	FALSE
stem pendidikan nasional. Pendidikan nasional yang	ditawarkan	adalah pendidikan bercirikan kebudayaan asli Indo	Buku_Teks	TRUE	tawar-kan	FALSE				
r pada penyakit yang sama pada inang berbeda lebih	disebabkan	oleh faktor tanaman inangnya.	Buku_Teks	TRUE	sebab-kan	TRUE	oleh_phrase	inanimate	abstraction	FALSE
a menjadi lebih besar. Perkembangan hewan tersebut	disebut	dengan perkembangan langsung. Perhatikan Gambar 2	Buku_Teks	TRUE	sebut	FALSE				
perti	dipagut	aliran listrik. Tetapi ketika menoleh, itu bukan	Buku_Teks	TRUE	pagut	TRUE	np	inanimate	technology	FALSE
da	diharapkan	untuk mendiskusikan dengan teman sekelompok kemud	Buku_Teks	TRUE	harap-kan	FALSE				
n tersebut berlaku untuk semua tanpa ada perlakuan	diskriminatif	bagi siapapun. Oleh karena itulah, Pancasila memb	Buku_Teks	FALSE						
a-negara lain yang umat Islamnya minoritas, mereka	ditekan	, ditindas oleh penguasa. Sebagai contoh, penghanc	Buku_Teks	TRUE	tekan	TRUE	oleh_phrase	animate	person	FALSE
ndah, bihun jagung baik dikonsumsi untuk penderita	diabetes	. Serat yang dimiliki juga dapat melancarkan pence	Buku_Teks	FALSE						
pembelajaran berupa kertas (lembar kegiatan) juga	digunakan	untuk mengidentifikasi kegiatan mahasiswa.	Buku_Teks	TRUE	guna-kan	FALSE				
Pelangi hanya dapat	dilihat	saat hujan bersamaan dengan matahari bersinar, ta	Buku_Teks	TRUE	lihat	FALSE				
Thibaut dan Kelley (1959) dan Homans (1950, 1961 )	digabung	ke dalam teorl penetrasi sosial dalam lima propos	Buku_Teks	TRUE	gabung	FALSE				
tebal sepanjang hal itu menunjukkan poin-poin yang	dimaksud	.	Buku_Teks	TRUE	maksud	FALSE				
nomian. Ekonomi makro tidak membahas kegiatan yang	dilakukan	oleh seorang produsen, seorang konsumen, atau seo	Buku_Teks	TRUE	laku-kan	TRUE	oleh_phrase	animate	person	FALSE
, karena harus dibuat sekat- sekat antar kandang .	Disamping	itu juga lebih tinggi dalam hal biaya kebersihan	Buku_Teks	FALSE						
tidak menyala. Untuk tahap penambahan selanjutnya	dilakukan	apabila bahan yang sedang dibakar menyala dan tid	Buku_Teks	TRUE	laku-kan	FALSE				
i parameter terkait kualitas dan outcome pelayanan	digunakan	sebagai tolak ukur penilaian. Oleh sebab itu para	Buku_Teks	TRUE	guna-kan	FALSE				
asio 3: 1 ini dari progeni bulat dan berkerut yang	diamati	Mendel dalam F2 dapat diperoleh hanya jika dua al	Buku_Teks	TRUE	amat-i	TRUE	np	animate	person	FALSE
iyah histeris meneriakkan jika Sangkan hidup lagi,	diikuti	orang-orang mengaji yang memperhatikan Sangkan me	Cerpen	TRUE	ikut-i	TRUE	np	animate	person	FALSE
ga sewaktu Liztya membezuk di penjara, Fadal telah	dinyatakan	gila oleh sipir. Mendengar pernyataan sipir itu,	Cerpen	TRUE	nyata-kan	TRUE	oleh_phrase	animate	person	TRUE
mi. Terutama bagi keluarganya. Saya khawatir istri	dituduh	hamil duluan sehingga memutuskan untuk segera men	Cerpen	TRUE	tuduh	FALSE				
g	dialami	oleh warga kami adalah ketika mengurus orang mati	Cerpen	TRUE	alam-i	TRUE	oleh_phrase	animate	person	FALSE
. Satu per satu dari mereka mencium tangannya yang	dibalas	dengan pelukan hangat. Mereka bersama-sama menuju	Cerpen	TRUE	balas	FALSE				
pa perlu diberi aba-aba secara resmi. Teratak yang	dibangun	darurat itu cukup kokoh, beratapkan daun sagu, da	Cerpen	TRUE	bangun	FALSE				
Banyak jantung	dikoyak	dan berdarah. Bibirnya semakin runcing dan merah.	Cerpen	TRUE	koyak	FALSE				
penerbangan 368 dinyatakan take off. Ia menyiapkan	dirinya	untuk pulang. Langkah-langkahnya terasa berat. Se	Cerpen	FALSE						
encuci dan mandi. Otomatis, tak ada lagi yang bisa	dialirkan	ke dalam selokan. Kalaupun ada sedikit air yang m	Cerpen	TRUE	alir-kan	FALSE				
juga adalah sebuah bau. Kau mirip bau rumput yang	dipotong	itu. Bau yang membuatku mendadak sedih. Tidak. Ba	Cerpen	TRUE	potong	FALSE				
sedang tertidur pulas dengan kedua telapak tangan	diletakkan	tepat di tengah. Helene melongok. Meski sudah ban	Cerpen	TRUE	letak-kan	FALSE				
ngatakan apa adanya pada orang rumah. Apa pun yang	dialaminya	, dia harus menyampaikannya pada anak-anaknya, aga	Cerpen	TRUE	alam-i	TRUE	pron-klitik-nya			
aat aku lahir di sebuah rumah sakit, sebuah gelang	dilingkarkan	di pergelangan mungilku, sebagai tanda aku adalah	Cerpen	TRUE	lingkar-kan	FALSE				
dipilin. Dugaanku tepat. Lambat laun rambut gimbal	Dihyang	sempurna dan memanjang hingga sebahu. Tiap kali d	Cerpen	FALSE						
mbunyikan di loteng bersama berkardus-kardus buku,	dibiarkan	perlahan merapuh, dan akhirnya ludes bersama begi	Cerpen	TRUE	biar-kan	FALSE				
penyangga itu dengan sembarangan, di dekat tangga.	Dinding	rahimmu robek, dan disarankan agar histerektomi d	Cerpen	FALSE						
transaksi yang terjadi. Sebuah topik pasti selalu	dipilih	untuk diperbincangkan.	Cerpen	TRUE	pilih	FALSE				
at terdakwa yang diadilinya gentar walaupun mereka	didampingi	penasihat hukum yang punya nama besar yang selalu	Cerpen	TRUE	damping-i	TRUE	np	animate	person	FALSE
sebuah isyarat ia meminta kami mengikuti apa yang	diucapkannya	. Selesai berdoa dan meniup air putih, Kiai Zainur	Cerpen	TRUE	ucap-kan	TRUE	pron-klitik-nya			
. Dan oleh Tuhan, doanya yang tulus dan serius itu	dikabulkan	, yaitu tidur jam sembilan malam.	Cerpen	TRUE	kabul-kan	FALSE				
menarikan ini bukan karena besaran kemenangan yang	ditawarkan	aplikasi ini, tetapi karena pengaturan program da	Cerpen	TRUE	tawar-kan	TRUE	np	inanimate	technology	FALSE
maka persoalan cinta bukanlah persoalan yang perlu	dikhawatirkan	. Ia juga punya kenangan buruk saat kanak-kanak, k	Cerpen	TRUE	khawatir-kan	FALSE				
Lenin hingga ia memutuskan menulis cerita tentang	dirinya	sendiri.	Cerpen	FALSE						
a. Kalimun pun roboh. Sementara pemuda yang tengah	dirasuki	iblis jahanam itu terus membabi buta menghajar Ka	Cerpen	TRUE	rasuk-i	TRUE	np	inanimate	abstraction	FALSE
ngan. Namun, ia menolak halus tawaran, karena saya	dianggap	membawa berkah dan keberuntungan.	Cerpen	TRUE	anggap	FALSE				
kapan Abu Jenar akan membakar kampung yang sangat	diberkahi	oleh Allah ini.	Cerpen	TRUE	berkah-i	TRUE	oleh_phrase	inanimate	abstraction	FALSE
satunya umat pilihan Tuhan, satu-satunya umat yang	diselamatkan	di antara umat-umat lain yang dijungkalkan Iblis	Cerpen	TRUE	selamat-kan	FALSE				
ya karena itu keinginan Janaka. Katanya itu harus	dilakukan	, agar aku bisa bahagia, setelah menulis surat bua	Cerpen	TRUE	laku-kan	FALSE				
asumber dan menghilang dalam setiap kata-kata yang	dihimpunnya	. Luisa bosan dengan kehidupan yang sama sekali ti	Cerpen	TRUE	himpun	TRUE	pron-klitik-nya			
i dulu, Bray adalah pelayan paling setia dan patut	diandalkan	.	Cerpen	TRUE	andal-kan	FALSE				
ntarpohon kelapa ialah batang-batang singkong yang	ditanam	merapat membentuk pagar hidup dengan daun-daun mu	Cerpen	TRUE	tanam	FALSE				
tau mati tiba-tiba. Dan ternyata semua solusi yang	diberikan	kepala desa membawa hasil. Ternak mereka semakin	Cerpen	TRUE	beri-kan	TRUE	np	animate	person	FALSE
enuju padang kabut itu adalah jembatan tarian. Ya,	disebut	jembatan tarian karena ketika meniti untuk menyeb	Cerpen	TRUE	sebut	FALSE				
h menunggunya. Di ruangan itu bajunya dilucuti dan	diganti	dengan sehelai kain putih tipis. Rambutnya juga d	Cerpen	TRUE	ganti	FALSE				
tahu, burung-burung itu termasuk satwa langka yang	dilindungi	. Suatu kali Margono tak bisa menahan keinginan un	Cerpen	TRUE	lindung-i	FALSE				
bal, membuat tubuhnya sukar tertolak ke atas lagi.	Dirasakannya	rontaan Asrul dalam gendongan saat air sungai yan	Cerpen	TRUE	rasa-kan	TRUE	pron-klitik-nya			
ut melintasi celah di antara pepohonan dan, dengan	diiringi	suara ban berdecit, bergegas mundur kembali ke ja	Cerpen	TRUE	iring-i	TRUE	np	inanimate	sound	FALSE
k	dimasak	di panci. Tak mau susah ia memasukan bumbu ala ka	Cerpen	TRUE	masak	FALSE				
an mengarahkan pijatan ke bagian tubuh yang paling	disukai	Mario.	Cerpen	TRUE	suka-i	TRUE	np	animate	person	FALSE
a tak mampu berbuat apa-apa. Mereka terlampau syok	dihadapkan	dengan kejadian aneh yang datang nyaris bersamaan	Cerpen	TRUE	hadap-kan	FALSE				
Di pintu itu,	disaksikan	hujan, ia pernah menangis, setelah benar-benar se	Cerpen	TRUE	saksi-kan	TRUE	np	inanimate	weather	FALSE
agai penguasa hukum alam: sebuah bibit tumor ganas	disisipkan	ke dalam otak Abdul Jebul, dan tamatlah riwayat A	Cerpen	TRUE	sisip-kan	FALSE				
berangkat ke dermaga, si anjing melihat majikannya	dimarahi	sang ayah di ruang tamu.	Cerpen	TRUE	marah-i	TRUE	np	animate	person	FALSE
enyataan. Segala kekacauan dan keributan itu telah	dimulai	"sejak awal abad ke-20; ketika salah satu malaikat"	Cerpen	TRUE	mula-i	FALSE				
ia membawa tunasnya dari hutan. Mawar dan Matahari	didapatnya	dari rumah tetangga berbeda tapi sama-sama melara	Cerpen	TRUE	dapat	TRUE	pron-klitik-nya			
t dan menancap, akan segera lenyap. Rencana sedang	dijalankan	, keinginan tengah diwujudkan untuk melumat wujud	Cerpen	TRUE	jalan-kan	FALSE				
Senyuman itu juga	dipermasalahkan	penduduk desa, karena tidak dianggap sebagai seny	Cerpen	TRUE	per-masalah-kan	TRUE	np	animate	person	FALSE
tinggal waktu itu, cap pos dari tempat asal kartu	dikirimkan	, dan berbagai ucapan, kadang puisi. Kau hafal sat	Cerpen	TRUE	kirim-kan	FALSE				
orang-orang yang tinggal di dalamnya pun tak bisa	dibedakan	, ada yang bergaya gembel, dan ada yang bergaya pe	Cerpen	TRUE	beda-kan	FALSE				
lit sekali menjelaskan hal ini, tetapi tetap harus	dijelaskan	dengan sejelas-jelasnya. Melani sangat bisa diand	Cerpen	TRUE	jelas-kan	FALSE				
arakat yang	dilakukan	bersifat parsial, sektoral dan charity yang selan	Disertasi_Tesis_Skripsi	TRUE	laku-kan	FALSE				
an untuk menyerap arti dari materi atau bahan yang	dipelajari	. Benyamin S Bloom (1956) sebagai pencetus konsep	Disertasi_Tesis_Skripsi	TRUE	pel-ajar-i	FALSE				
yoritas responden dapat	digambarkan	sebagai berikut: berstatus kepala rumah tangga, u	Disertasi_Tesis_Skripsi	TRUE	gambar-kan	FALSE				
sis. Untuk kepentingan pembahasan, data diolah dan	dipaparkan	berdasarkan prinsip-prinsip statistik deskriptif,	Disertasi_Tesis_Skripsi	TRUE	papar-kan	FALSE				
n Daerah Kabupaten Magelang Nomor 7 Tahun 2009 ini	dimaksudkan	untuk menata pedagang kaki lima, di mana tempat y	Disertasi_Tesis_Skripsi	TRUE	maksud-kan	FALSE				
ang	dilakukan	peneliti menggambarkan bahwa kompetensi komunikas	Disertasi_Tesis_Skripsi	TRUE	laku-kan	TRUE	np	animate	person	FALSE
ya dengan TiOz P25 tanpa penambahan metanol tetapi	ditambahkan	dopan platina mampu menghasilkan hidrogen sebesar	Disertasi_Tesis_Skripsi	TRUE	tambah-kan	FALSE				
engumpulan data yang	dilakukan	pada penelitian tindakan kelas ini diambil dengan	Disertasi_Tesis_Skripsi	TRUE	laku-kan	FALSE				
asan seksual, mental, atau fisik di masa lalu, dan	diperkirakan	memiliki kesehatan mental yang buruk. Remaja memp	Disertasi_Tesis_Skripsi	TRUE	per-kira-kan	FALSE				
enutur bukan pria yang licik, yang dalam kasus ini	diibaratkan	sebagai serigala. Pengarang lagu memilih kata ser	Disertasi_Tesis_Skripsi	TRUE	ibarat-kan	FALSE				
n kedua yaitu Sukapura asal yang menguasai distrik-	distrik	: Mangunreja, Panyeredan, Taraju, Sukaraja, Parung	Disertasi_Tesis_Skripsi	FALSE						
ejak dahulu	dipergunakan	sebagai dasar segmentasi pasar (Darley dan Smith,	Disertasi_Tesis_Skripsi	TRUE	per-guna-kan	FALSE				
anajemen stratejik. Penerapan strategi membutuhkan	disiplin	, komitmen, dan pengorbanan dari setiap orang. Keb	Disertasi_Tesis_Skripsi	FALSE						
terhadap faktor yang memberi peran, sehingga dapat	dibuktikan	apakah faktor-faktor tersebut memang benar mempun	Disertasi_Tesis_Skripsi	TRUE	bukti-kan	FALSE				
dari berbagai ungkapan konservatisme politis yang	didasari	oleh sistem-sistem pemikiran filosofi atau teolog	Disertasi_Tesis_Skripsi	TRUE	dasar-i	TRUE	oleh_phrase	inanimate	abstraction	FALSE
dan kebebasan manusia, maka tidak mungkin sekolah	diharapkan	menjadi agen perubahan. Karena itu, sekolah harus	Disertasi_Tesis_Skripsi	TRUE	harap-kan	FALSE				
is tindak tutur ekspresif). Sebagaimana yang telah	didiskusikan	pada Bab II Subbab 2.2.2.1 (Hal. 45), satu gaya b	Disertasi_Tesis_Skripsi	TRUE	diskusi-kan	FALSE				
k memiliki pengetahuan dan keterampilan yang dapat	diterapkan	dalam kehidupan nyata guna mengikuti perkembangan	Disertasi_Tesis_Skripsi	TRUE	terap-kan	FALSE				
raksi otot (Gruzilier, 2002). Jika seseorang dapat	diajarkan	untuk merelaksasikan otot mereka, maka mereka ben	Disertasi_Tesis_Skripsi	TRUE	ajar-kan	FALSE				
bagian-bagian tertentu dari ayat yang dipetik itu	dicetak	tebal. Barangkali hal itu dilakukan agar pembaca	Disertasi_Tesis_Skripsi	TRUE	cetak	FALSE				
lah menegah pertama materi mengenai Pancasila baru	diajarkan	di kelas VIII semester satu. Materi mengenai Panc	Disertasi_Tesis_Skripsi	TRUE	ajar-kan	FALSE				
ng harus mampu memodelkan highly dependencies yang	dimiliki	oleh fitur input. Sebagai contoh, untuk mengenali	Disertasi_Tesis_Skripsi	TRUE	milik-i	TRUE	oleh_phrase	inanimate	technology	FALSE
si yang melanggar hukum pada awalnya pekerjaan ini	dilakukan	di laut lepas dan dengan kekerasan. Leksem ini ke	Disertasi_Tesis_Skripsi	TRUE	laku-kan	FALSE				
t Nuijaya (2008), modal sosial harus dimanfaatkan,	diperhitungkan	, didayagunakan dan diakomodasikan. Sedang menurut	Disertasi_Tesis_Skripsi	TRUE	per-hitung-kan	FALSE				
Penelitian ini	dilakukan	dengan metode eksperimen faktorial desain. Metode	Disertasi_Tesis_Skripsi	TRUE	laku-kan	FALSE				
getahui bagaimana sebuah spasial terkonstruksi dan	digunakan	oleh anak untuk bermain dan bagaimana rangsangan	Disertasi_Tesis_Skripsi	TRUE	guna-kan	TRUE	oleh_phrase	animate	person	FALSE
eri pembelajaran yang	dituangkan	dalam perangkat pembelajaran adalah usaha dan ene	Disertasi_Tesis_Skripsi	TRUE	tuang-kan	FALSE				
t religi atau doa, seakan mengawali tidur. Hal ini	diperkuat	penemuan Ramachardan (1995) bahwa didalam tempora	Disertasi_Tesis_Skripsi	TRUE	per-kuat	TRUE	np	inanimate	abstraction	FALSE
ntarkelompok mahasiswa di Kampus Perak tidak hanya	dilakukan	oleh masyarakat Sultra yang berdomisili di Sultra	Disertasi_Tesis_Skripsi	TRUE	laku-kan	TRUE	oleh_phrase	animate	person	FALSE
isis data percobaan	dilakukan	berdasarkan pada perhitungan analisis ragam RAL p	Disertasi_Tesis_Skripsi	TRUE	laku-kan	FALSE				
atalog ditulis oleh Ekadjati dan kawan-kawan, yang	diterbitkan	tahun 1988. Penelitian ini merupakan hasil kerja	Disertasi_Tesis_Skripsi	TRUE	terbit-kan	FALSE				
n integratif dilakukan dengan menggunakan beberapa	disiplin	ilmu. Science,Technology, Engeneering and Mathema	Disertasi_Tesis_Skripsi	FALSE						
elah desain survei selesai ditentukan, selanjutnya	dilakukan	survei lokasi pengambilan data mikrotremor. Surve	Disertasi_Tesis_Skripsi	TRUE	laku-kan	FALSE				
ng guru, namun Eva melawan guru tersebut pada saat	ditegur	. Akibatnya, Eva mendapat tamparan dari guru. Peri	Disertasi_Tesis_Skripsi	TRUE	tegur	FALSE				
ttest (setelah	diberikan	perlakuan) dengan menggunakan uji Independent Sam	Disertasi_Tesis_Skripsi	TRUE	beri-kan	FALSE				
bak itu lalu membukakan matanya. Maka dilihatnya /	dirinya	itu terlayang-layang hampir jatuh ke pusat laut,	Disertasi_Tesis_Skripsi	FALSE						
Masyarakat) di KPH Sukabumi secara umum baru mulai	dilakukan	pada tahun 2001 dan aktif disosialisasikan pada t	Disertasi_Tesis_Skripsi	TRUE	laku-kan	FALSE				
an dua alasan, pertama kata back button tidak bisa	disisipi	kata apapun. Kedua, makna dari kata ini merupakan	Disertasi_Tesis_Skripsi	TRUE	sisip-i	FALSE				
lui cara ini, partisipasi langsung dari masyarakat	diharapkan	meningkat karena mereka merasa sampahpun bisa men	Disertasi_Tesis_Skripsi	TRUE	harap-kan	FALSE				
lihat risiko yang ditimbulkan dianggap lebih kecil	dibandingkan	potensi keuntungan yang bisa didapatkan. Disampin	Disertasi_Tesis_Skripsi	TRUE	banding-kan	FALSE				
pura. Setelah Dewabrata memenangkan sayembara yang	diadakan	oleh Raja Bismaka, ia membawa pulang ketiga orang	Disertasi_Tesis_Skripsi	TRUE	ada-kan	TRUE	oleh_phrase	animate	person	FALSE
telah memiliki niatan menjual segala kekayaan yang	dimiliki	keluarga Ralla, ingin mencoba mengembalikannya. I	Disertasi_Tesis_Skripsi	TRUE	milik-i	TRUE	np	animate	person	FALSE
n uang secara sembunyi dari Bapak/Ibu sosial, juga	dipraktekkan	di berbagai fakultas di kampus Perak. Di FISIP Ka	Disertasi_Tesis_Skripsi	TRUE	praktek-kan	FALSE				
n dapat dihindari. Pada skripsi ini perubahan yang	dimungkinkan	terjadi adalah perubahan pada konstan sisi kanan	Disertasi_Tesis_Skripsi	TRUE	mungkin-kan	FALSE				
u 200 C. Pada percobaan ini gemuk bio kalsium akan	ditingkatkan	dropping point nya dengan menggunakan agen pengko	Disertasi_Tesis_Skripsi	TRUE	tingkat-kan	FALSE				
eda dengan pendekatan utama di lapangan yang telah	dikembangkan	oleh Baker et al. (2008), dan diilhami oleh Pende	Disertasi_Tesis_Skripsi	TRUE	kembang-kan	TRUE	oleh_phrase	animate	person	FALSE
018: 326-327). Bagi individu yang telah dinyatakan	dipilih	harus melalui banyak tahap dan ritual untuk menja	Disertasi_Tesis_Skripsi	TRUE	pilih	FALSE				
nusia. Hidup, perasaan dan sifat telah masuk dalam	dialektika	antara sedikit dan banyak itu. Pertanyaan yang mu	Disertasi_Tesis_Skripsi	FALSE						
ngapa hal itu bisa terjadi. Kemampuan generic yang	dikembangkan	dalam tahap ini adalah kemampuan konsistensi logi	Disertasi_Tesis_Skripsi	TRUE	kembang-kan	FALSE				
udaya paternalistik, loyalitas dan kepatuhan lebih	diberikan	kepada kaum elite bangsawan, pimpinan kelompok, d	Disertasi_Tesis_Skripsi	TRUE	beri-kan	FALSE				
ebagai manajer keuangan keluarga, barangkali perlu	dipertimbangkan	sebagai faktor pendorong. Apapun penyebab bunuh d	Jurnal	TRUE	per-timbang-kan	FALSE				
s nasional maupun daerah dan implementasinya harus	dilaksanakan	oleh suatu institusi yang kuat dan bersifat koord	Jurnal	TRUE	laksana-kan	TRUE	oleh_phrase	inanimate	institution/organisation	FALSE
as Sosial Kabupaten dikirim ke PSBR Naibonat untuk	diseleksi	. Kriteria umur yang harus dipenuhi yaitu dari 12	Jurnal	TRUE	seleksi	FALSE				
ner. Jumlah sampel yang digunakan dalam penelitian	dihitung	dengan menggunakan rumus jumlah sampel untuk esti	Jurnal	TRUE	hitung	FALSE				
wilayah Rumbai, Tapung dan Minas di Provinsi Riau,	ditemukan	faktor-faktor yang menghambat prioritas implement	Jurnal	TRUE	temu-kan	FALSE				
7%. Korelasi terbesar antara penguasaan konsep dan	disposisi	berpikir kritis terjadi pada label konsep radiasi	Jurnal	FALSE						
hwa mereka	dinilai	oleh orang lain karena mereka telah berusaha mema	Jurnal	TRUE	nilai	TRUE	oleh_phrase	animate	person	FALSE
ngatakan bahwa semakin tinggi slack resources yang	dimiliki	perusahaan, maka perusahaan memiliki kecenderunga	Jurnal	TRUE	milik-i	TRUE	np	inanimate	institution/organisation	FALSE
k di Indonesia dilaksanakan antara lain perkawinan	dilangsungkan	"mulai usia wanita 17 tahun ke atas; dan berdasar"	Jurnal	TRUE	langsung-kan	FALSE				
masyarakat untuk melakukan kegiatan-kegiatan yang	dipandang	strategis. Kegiatan yang apabila dilakukan dapat	Jurnal	TRUE	pandang	FALSE				
ukan di mulut, tenggorokan, usus, kulit, dan serin	dijumpai	di vagina pada perempuan. Infeksi terjadi akibat	Jurnal	TRUE	jumpa-i	FALSE				
an sehat, ato apapun. Jadinya ya kadang-kadang gue	diledekin	juga karena hal itu. Terus juga kan mereka punya	Jurnal	TRUE	ledek-in	FALSE				
ia (PBB 2003) karena besarnya dampak kerugian yang	ditimbulkan	, dan whistleblowing telah menjadi salah satu sum	Jurnal	TRUE	timbul-kan	FALSE				
Emas Semarang di tiga titik stasiun yang berbeda,	diketahui	bahwa kandungan logam Fedalam kolom air baik pada	Jurnal	TRUE	ke-tahu-i	FALSE				
e difusi agar yang telah dimodifikasi (C). Hal ini	dilakukan	untuk mencari metode yang paling efektif untuk sk	Jurnal	TRUE	laku-kan	FALSE				
kan bentuk krama dengan benar, maka orang itu akan	disebut	sebagai orang yang tidak bisa menggunakan bahasa	Jurnal	TRUE	sebut	FALSE				
araan yang tetap berbasis karitatif. Hal ini dapat	dilihat	dari motif pemberian bantuan kepada masyarakat. K	Jurnal	TRUE	lihat	FALSE				
an IV di puskesmas di Kabupaten Banjarnegara dapat	dilihat	pada Tabel 12.	Jurnal	TRUE	lihat	FALSE				
ik bahwa perlindungan atau bahkan konservasi hutan	diperlukan	. Namun, mereka menganggap bahwa hal paling pentin	Jurnal	TRUE	perlu-kan	FALSE				
uh lokasi pengamatan kecuali pada Astreopora tidak	dijumpai	di P. Cemara Kecil, P. Kembar, P. Menyawakan dan	Jurnal	TRUE	jumpa-i	FALSE				
guan terhadap kesehatan lebih menyeluruh dari yang	diperkirakan	sebelumnya, gangguan kesehatan yang serius ini da	Jurnal	TRUE	per-kira-kan	FALSE				
iasanya memiliki perasaan campur aduk ketika siswa	diminta	untuk memberikan kritik dan saran. Lagi pula, tid	Jurnal	TRUE	minta	FALSE				
perkumpulan sosial. Namun, sampai sejauh ini belum	dirumuskan	bentuk atau konsep atau konstruksi LKS secara rin	Jurnal	TRUE	rumus-kan	FALSE				
upa skala pengukuran karakter. Pengisian kuesioner	dilakukan	secara klasikal dengan dipandu peneliti. Kondisi	Jurnal	TRUE	laku-kan	FALSE				
gar perawat dapat bekerja dengan tubuh tegak, meja	dinding	selebar 30 cm dalam kamar mandi, atau toilet juga	Jurnal	FALSE						
karena melekat pada orang-orang yang disenangi dan	dikagumi	, dan dengan melaui salah atau proses yang di temp	Jurnal	TRUE	kagum-i	FALSE				
Lebih jauh	dijelaskan	Tita, selain upaya memberikan pengetahuan tentang	Jurnal	TRUE	jelas-kan	TRUE	np	animate	person	FALSE
rehabilitasi sosial dan instruktur. Pelaksanaannya	disesuaikan	dengan anggaran yang tersedia, karena anggaran pe	Jurnal	TRUE	sesuai-kan	FALSE				
eknologi	digital	, membuka online dengan menggunakan tanda tangan d	Jurnal	FALSE						
g sengaja	dibentuk	oleh masyarakat sebagai tempat melaksanakan aktiv	Jurnal	TRUE	bentuk	TRUE	oleh_phrase	animate	person	FALSE
belum pernah dilaksanakan. Dari diskusi yang telah	dilakukan	didapatkan tiga prioritas topik diklat untuk komp	Jurnal	TRUE	laku-kan	FALSE				
sca rehabilitasi sosial. Kunjungan ini tidak hanya	dilakukan	sekali tetapi bisa beberapa kali sesuai dengan pe	Jurnal	TRUE	laku-kan	FALSE				
smotik media akan menjadi beban bagi ikan sehingga	dibutuhkan	energi yang relatif besar untuk mempertahankan os	Jurnal	TRUE	butuh-kan	FALSE				
atan di lingkungan dinas pendidikan. Hal ini telah	dibuktikan	dengan tidak adanya implementasi dari pihak-pihak	Jurnal	TRUE	bukti-kan	FALSE				
a pada semester Ganjil 2012/2013. Pengumpulan data	dilakukan	dengan tes, sedang analisis data dengan uji beda	Jurnal	TRUE	laku-kan	FALSE				
Pengalaman yang	diceritakan	oleh BJ, menunjukkan mengenai belum terinstitusio	Jurnal	TRUE	cerita-kan	TRUE	oleh_phrase	animate	person	FALSE
ganggunan binatang buas. Selain itu rumah tinggal	dimaksud	setelah adanya kebijakan pembangunan perumahan su	Jurnal	TRUE	maksud	FALSE				
nya. Kebebasan berpendapat melalui konten vlog ini	dianggap	sesuai dengan tujuan awal didirikannya Youtube, y	Jurnal	TRUE	anggap	FALSE				
encer [23]. Dua dari karakteristik kompetensi yang	disampaikan	yakni: Pengetahuan, informasi yang dimiliki seseo	Jurnal	TRUE	sampai-kan	FALSE				
ergantung pada situasi dan bentuk pertolongan yang	dibutuhkan	.	Jurnal	TRUE	butuh-kan	FALSE				
itemukan efek toksisitas pada tikus sehingga perlu	dipertimbangkan	sebagai penggunaan terapeutik dalam bidang farmas	Jurnal	TRUE	per-timbang-kan	FALSE				
perbedaan penguasaan konsep IPA antara siswa yang	dibelajarkan	model pembelajaran group investigation melalui le	Jurnal	TRUE	belajar-kan	FALSE				
kemiskinan, serta nilai-nilai kepatuhan yang harus	dilakukan	oleh anak-anak terhadap orangtua sebagai balas ja	Jurnal	TRUE	laku-kan	TRUE	oleh_phrase	animate	person	FALSE
nal daerah perdalaman Supiori. Di perdesaan, rumah	dibangun	langsung di atas pondasi tanpa panggung. Di perka	Jurnal	TRUE	bangun	FALSE				
sanya 40% dijelaskan oleh variabel lain yang tidak	dicantumkan	dalam model.	Jurnal	TRUE	cantum-kan	FALSE				
014:114) bahwa tanggung jawab adalah karakter yang	dimiliki	oleh seseorang untuk melaksanakan tugas dan kewaj	Jurnal	TRUE	milik-i	TRUE	oleh_phrase	animate	person	FALSE
nyak 20 ekor tikus jantan Galur Wistar (170-240 g)	diberikan	ekstrak etanol Garcinia kola secara oral dengan d	Jurnal	TRUE	beri-kan	FALSE				
g berfokus pada masalah adalah suatu tindakan yang	diarahkan	pada pemecahan masalah. Individu akan cenderung m	Jurnal	TRUE	arah-kan	FALSE				
han lamun sangat	dipengaruhi	penetrasi cahaya matahari, karena cahaya tersebut	Jurnal	TRUE	pengaruh-i	TRUE	np	inanimate	abstraction	FALSE
gsi kehilangan	distribusi	(loss function distribution) diberikan persamaan	Jurnal	FALSE						
dari ODC Telkom ke Gedung PT. Propan Raya ICC yang	dijanjikan	kedua paket tersebut aktif per tanggal 16 Mei 201	Koran	TRUE	janji-kan	FALSE				
kepolisian atau kejaksaan dan KPK, penyidikan yang	dilakukan	oleh kepolisian atau kejaksaan tersebut segera di	Koran	TRUE	laku-kan	TRUE	oleh_phrase	inanimate	institution/organisation	FALSE
yati mengingatkan bahwa	dirinya	saat ini berdiri di tengah konflik, lantaran stat	Koran	FALSE						
Batavia	diputus	pailit setelah Pengadilan Niaga Jakarta Pusat men	Koran	TRUE	putus	FALSE				
at yang gampang beterbangan jika jalanan tanah ini	dilalui	kendaraan bermotor. Namun, saya sangat menikmati	Koran	TRUE	lalu-i	TRUE	np	inanimate	technology	FALSE
awan Duesseldorf, Bayern Muenchen masih tidak bisa	diperkuat	Philippe Coutinho, Niklas Sule, Corentin Tolisso,	Koran	TRUE	per-kuat	TRUE	np	animate	person	FALSE
salah maka kegagalan anak ada lah utang yang harus	dibayar	oleh dunia (sistem) pendidikan, bukan sebaliknya.	Koran	TRUE	bayar	TRUE	oleh_phrase	inanimate	abstraction	FALSE
sering tidak hadir atau pulang sebelum persidangan	dimulai	.	Koran	TRUE	mula-i	FALSE				
g bagaimana kita memanfaatkan setiap momentum yang	disediakan	Allah dalam bulan Ramadhan. Namun, apabila kita k	Koran	TRUE	sedia-kan	TRUE	np	inanimate	abstraction	FALSE
lanjutnya, ditatah sesuai dengan gambar yang telah	dibuatnya	". """"Untuk membuat wayang karton, maksimal saya buat"	Koran	TRUE	buat	TRUE	pron-klitik-nya			
atan olahraga, dalam prakteknya sekarang, semuanya	diurusi	orang tua--dan ribut melulu. Kalau menterinya mas	Koran	TRUE	urus-i	TRUE	np	animate	person	FALSE
mo buruh itu masih murni menyalurkan pendapat yang	dijamin	haknya dalam konstitusi? Bukankah setiap hari ber	Koran	TRUE	jamin	FALSE				
Guru Swasta Perlu	Dilibatkan	~	Koran	TRUE	libat-kan	FALSE				
mencapai Rp 6,32 triliun atau naik 65 persen lebih	dibanding	periode yang sama tahun lalu.	Koran	TRUE	banding	FALSE				
en mengalami cedera parah sehingga mereka tak bisa	diobati	.	Koran	TRUE	obat-i	FALSE				
ebagai puluhan ribu lini bisnis yang berlainan dan	dipersatukan	hanya karena mereka kebetulan berada dalam batas-	Koran	TRUE	per-satu-kan	FALSE				
sipol UGM yang	disebut	Agni mengaku menjadi korban pelecehan seksual ole	Koran	TRUE	sebut	TRUE	np	animate	person	FALSE
ntikorupsi. Partai-partai, misalnya, seperti kerap	disampaikan	oleh Busyro, harus mencegah munculnya biaya polit	Koran	TRUE	sampai-kan	TRUE	oleh_phrase	animate	person	FALSE
adasi MUI dinilai menggunakan alasan yang terkesan	dipaksakan	dan mengada-ada.	Koran	TRUE	paksa-kan	FALSE				
i tanggal 19 Juni 2014 dan di hari yang sama telah	diproses	cetak kartu. Tanggal 21 Juni saya telepon Mandiri	Koran	TRUE	proses	FALSE				
ng diberangkatkan tidak sesuai nomor antrean serta	dinilai	memperkaya korporasi penyedia akomodasi di Arab S	Koran	TRUE	nilai	FALSE				
bagi kelompok pengusik. Polisi justru membubarkan	diskusi	.	Koran	FALSE						
dan mengembangkan areal irigasi. Jika langkah ini	diikuti	pula dengan keterpa duan pengelolaan sumber daya	Koran	TRUE	ikut-i	FALSE				
Masyarakat masih terbiasa membeli bebek hidup lalu	dipotong	di pasar.	Koran	TRUE	potong	FALSE				
n sempurna. Menurut konvensi, suatu struktur pasar	dinamakan	pasar yang kompetitif apabila dominasi dari empat	Koran	TRUE	nama-kan	FALSE				
kan bahwa sua minya dan banyak anggota keluarganya	dibunuh	oleh tentara Myanmar. Hatun mendesak agar keadila	Koran	TRUE	bunuh	TRUE	oleh_phrase	animate	person	FALSE
a pelahiran serta pengiprahan manusia di dalamnya,	diciptakan	dan dilaksanakan Allah bukanlah untuk sekadar per	Koran	TRUE	cipta-kan	TRUE	np	inanimate	abstraction	FALSE
elahirkan	diskusi	tentang cara-cara di mana manufaktur industri dap	Koran	FALSE						
g	diemban	oleh DMI dan pengurus masjid adalah dakwah. Bimbi	Koran	TRUE	emban	TRUE	oleh_phrase	inanimate	institution/organisation	FALSE
Tahun 2012, Indonesia	dinobatkan	sebagai penyelenggara haji terbaik di dunia oleh lembaga riset perhajian swasta	Koran	TRUE	nobat-kan	TRUE	oleh_phrase	inanimate	institution/organisation	TRUE
Secara luas	dikenal	sebagai obat kulit yang terbakar, lidah buaya jug	Koran	TRUE	kenal	FALSE				
sebanyak 88 persen responden mengaku setuju. Saat	ditanya	soal perempuan yang berkarir menjadi anggota DPR/	Koran	TRUE	tanya	FALSE				
en cananya adalah nilai moral Pancasila akan lebih	ditekankan	pada jenjang pendidikan SD hingga kelas 8 SMP. Se	Koran	TRUE	tekan-kan	FALSE				
k, menjaga pola makan dan berat badan ideal, serta	diagnosis	tekanan darah berkala dan melakukan medical check	Koran	FALSE						
pada masa lalu pernah	dituding	menyediakan dukungan tingkat rendah terhadap pemb	Koran	TRUE	tuding	FALSE				
ketua umum DPP PKB. Dengan begitu, dia layak untuk	diajukan	sebagai cawapres pada percaturan politik kali ini	Koran	TRUE	aju-kan	FALSE				
indaian berkala. Individu yang terdeteksi kemudian	ditangani	agar tidak berkembang menjadi percobaan bunuh dir	Koran	TRUE	tangan-i	FALSE				
t dikendalikan lagi'. Saat itu kami meminta supaya	dinyatakan	"keadaan darurat,"""" tutur Haryadi di Hotel Intercon"	Koran	TRUE	nyata-kan	FALSE				
u, kini tinggal kami bawa ke presiden karena sudah	diparaf	Menko Kesra, Menpora, Menkeu, dan LKPP, sehingga	Koran	TRUE	paraf	TRUE	np	animate	person	FALSE
lawan City di babak semifinal. Juventus yang kini	diperkuat	Cristiano Ronaldo memang sangat berambisi untuk m	Koran	TRUE	per-kuat	TRUE	np	animate	person	FALSE
un, penelitian juga menunjukkan bahwa kalsium yang	diperoleh	dari suplemen, tidak efektif untuk memperkuat tul	Koran	TRUE	per-oleh	FALSE				
lukai 6.000 orang. Otoritas menyatakan ledakan itu	disebabkan	oleh 2.750 ton amonium nitrat yang disimpan di gu	Koran	TRUE	sebab-kan	TRUE	oleh_phrase	inanimate	object	FALSE
hidup selama di dalam LP sebesar Rp 14 ribu sehari	dibebankan	kepada si penunggak pajak.	Koran	TRUE	beban-kan	FALSE				
ur sanksi pencabutan hak kewarganegaraan. Kalaupun	digugat	di pengadilan, Jimly meminta pemerintah untuk tid	Koran	TRUE	gugat	FALSE				
ia PR sangat dekat dengan AS dan sekutunya. Justru	dicemaskan	bila Anwar Ibrahim menang, akan membuka secara re	Koran	TRUE	cemas-kan	FALSE				
buat semuanya, sehingga kedatangan Ramadhan selalu	dinanti	. Seolah lahir energi baru yang sangat berguna dal	Koran	TRUE	nanti	FALSE				
erti lingkaran, kota, silang, garis dan titik yang	dikombinasikan	dengan beragam cara.	Koran	TRUE	kombinasi-kan	FALSE				
hen- tikan dan memberikan sanksi peringat an harus	dijadikan	KPU untuk melakukan perbaikan. Sekaligus men jadi	Koran	TRUE	jadi-kan	TRUE	np	inanimate	institution/organisation	FALSE
Conte tahun lalu juga	disebut-sebut	ingin meninggalkan Juventus karena mendapat tawaran bagus	Koran	TRUE	sebut	FALSE				
alia dan	ditahan	Genoa 1-1, Juventus bangkit dengan mengalahkan Ch	Koran	TRUE	tahan	TRUE	np	inanimate	institution/organisation	FALSE
elah dihasilkan beberapa alternatif resolusi untuk	disahkan	pada sesi terakhir. Sesi keenam ini sekaligus men	Laman_Resmi	TRUE	sah-kan	FALSE				
hukum dan menyiapkan perjanjian kerjasama. Hal ini	dimaksudkan	sebagai langkah persiapan sebelum nantinya PLN ak	Laman_Resmi	TRUE	maksud-kan	FALSE				
grasi guna mendukung perakitan kendaraan yang akan	diproduksi	.	Laman_Resmi	TRUE	produksi	FALSE				
kat. Oleh karena itu, lanjut Didin, berbagai upaya	dilakukan	Baznas dalam menyerap potensi zakat serta mengelo	Laman_Resmi	TRUE	laku-kan	TRUE	np	inanimate	institution/organisation	FALSE
n sebagai informan. Berdasarkan kriteria tersebut,	dipilih	dua orang informan, yaitu Pak Dagi dan Bu Listian	Laman_Resmi	TRUE	pilih	FALSE				
lain yang tengah	diupayakan	oleh Kemenag dalam rangka penyelenggaraan ibadah	Laman_Resmi	TRUE	upaya-kan	TRUE	oleh_phrase	inanimate	institution/organisation	FALSE
ama, menemukenali apa saja hal-hal yang selama ini	dianggap	"telah memuaskan jemaah haji Indonesia. """"Ini penti"	Laman_Resmi	TRUE	anggap	FALSE				
Program ini	ditujukan	bagi mahasiswa S1 ITB yang telah menyelesaikan du	Laman_Resmi	TRUE	tuju-kan	FALSE				
rkan terima kasih atas amanah dan kepercayaan yang	diberikan	oleh Puspresnas Kemendikbud RI dan ITB mendukung	Laman_Resmi	TRUE	beri-kan	TRUE	oleh_phrase	inanimate	institution/organisation	FALSE
~	Dipublikasikan	Pada : Kamis, 11 Juli 2019 00:00:00, Dibaca : 44.	Laman_Resmi	TRUE	publikasi-kan	FALSE				
ksanakan oleh FSRD ITB, setelah pasar Seni pertama	dilaksanakan	pada tahun 1972. Hal yang hendak disampaikan pada	Laman_Resmi	TRUE	laksana-kan	FALSE				
"Investasi Pemerintah (PIP), Djoko Hendratto; serta"	Director	Corporate Affairs GO-JEK, Nila Marita.	Laman_Resmi	FALSE						
"dan Penunjuk Arah Kiblat bagi Tunanetra"""". Tim ini"	digawangi	Muhammad Faqih Firman dan Fitriya Muthoharoh.	Laman_Resmi	TRUE	gawang-i	TRUE	np	animate	person	FALSE
"AKON VIRTUAL TAHUN 2020 """"NASKAH LAKON DALAM MEDIUM"	DIGITAL		Laman_Resmi	FALSE						
% untuk konsumsi LPG Non-PSO. Kenaikan LPG Non-PSO	dikarenakan	musim liburan dimana kebutuhan hotel dan restoran	Laman_Resmi	TRUE	karena-kan	TRUE	np	inanimate	weather	FALSE
ber daya manusia (SDM) perkelapasawitan harus pula	dijalankan	, khususnya pendidikan vokasi untuk membentuk SDM	Laman_Resmi	TRUE	jalan-kan	FALSE				
semuanya untuk dapat mengimplementasikan apa yang	diamanahkan	dalam perundang-undangan tersebut. Dengan demikia	Laman_Resmi	TRUE	amanah-kan	FALSE				
tuk energi biomass. Saya ingin Indragiri Hulu bisa	dijadikan	sebagai percontohan pengguna Energi Baru Terbaruk	Laman_Resmi	TRUE	jadi-kan	FALSE				
~	Dikatakan	, penetapan kinerja/kontrak kinerja/perjanjian kin	Laman_Resmi	TRUE	kata-kan	FALSE				
ota BBM PSO, termasuk tambahan 1,23 juta kiloliter	dipastikan	akan mencukupi untuk memenuhi kebutuhan masyaraka	Laman_Resmi	TRUE	pasti-kan	FALSE				
meningkatkan fasilitas di RSUD Oksibil, didampingi	Direktur	RSUD mereka beraudiensi dengan Kepala Dinas Keseh	Laman_Resmi	FALSE						
is yang perlu	dilakukan	dalam menunjang hal tersebut, di antaranya adalah	Laman_Resmi	TRUE	laku-kan	FALSE				
litas produk,	distribusi	yang merata di seluruh indonesia dan pelayanan pr	Laman_Resmi	FALSE						
"Senin (12/06). """"Kendaraan dinas operasional hanya"	digunakan	untuk kepentingan dinas yang menunjang tugas poko	Laman_Resmi	TRUE	guna-kan	FALSE				
Program	digitalisasi	penyiaran sendiri merupakan salah satu poin krusi	Laman_Resmi	FALSE						
ceh Tengah. Panitia juga melaksanakan penyemprotan	disinfektan	sebelum wisuda digelar.	Laman_Resmi	FALSE						
epat, akurat, teratur dan berkelanjutan yang dapat	digunakan	untuk perencanaan, penentuan kebijakan dan monito	Laman_Resmi	TRUE	guna-kan	FALSE				
~	Dipublikasikan	Pada : Senin, 20 Mei 2019 00:00:00, Dibaca : 8.40	Laman_Resmi	TRUE	publikasi-kan	FALSE				
Jalan e-commerce juga	diharapkan	mampu mengakselerasi pertumbuhan ekonomi nasional	Laman_Resmi	TRUE	harap-kan	FALSE				
sofi,perlu kerjasama, karena kontraknya dulu sudah	diteken	dan kontraknya kuat. Disitu ada kontrak disitu ki	Laman_Resmi	TRUE	teken	FALSE				
balai pendidikan dan pelatihan (diklat) yang telah	disediakan	"oleh Kemenperin,"""" paparnya"	Laman_Resmi	TRUE	sedia-kan	TRUE	oleh_phrase	inanimate	institution/organisation	FALSE
gkatan kualitas pelayanan publik harus benar-benar	dirasakan	manfaatnya oleh masyarakat. Sejauh ini, Pemkab Sr	Laman_Resmi	TRUE	rasa-kan	TRUE	oleh_phrase	animate	person	TRUE
a tenaga administrasi. Akselerasi kualitas ASN itu	dimaksudkan	untuk mengantisipasi dinamika kebangsaan yang sem	Laman_Resmi	TRUE	maksud-kan	FALSE				
ustus 2017 di pemondokan Makkah karena circulatory	diseases	pada usia 77 tahun.	Laman_Resmi	FALSE						
rian Energi dan Sumber Daya Mineral (ESDM) melalui	Direktorat	Jenderal Energi Baru, Terbarukan dan Konservasi E	Laman_Resmi	FALSE						
ker itu tidak enak karena tertutup, saya minta PMI	disiplin	mengikuti aturan/himbauan yang dilakukan negara s	Laman_Resmi	FALSE						
JALUR GANDA JUGA SEGERA	DIBANGUN	PADA LINTAS SELATAN JAWA	Laman_Resmi	TRUE	bangun	FALSE				
III. Anda akan	dikeluarkan	dari ruang isolasi jika pemeriksaan sampel 2 (dua	Laman_Resmi	TRUE	keluar-kan	FALSE				
naga yang memang sudah tidak layak dijual ataupun	dikonsumsi	. Akibat berita itu muncul kekhawatiran dalam bena	Laman_Resmi	TRUE	konsumsi	FALSE				
en petugas kesehatan haji. Tahapan rekrutmen sudah	dimulai	sejak bulan Desember 2019 dan saat ini tengah mel	Laman_Resmi	TRUE	mula-i	FALSE				
~	Dipublikasikan	Pada : Rabu, 02 Agustus 2017 00:00:00, Dibaca : 6	Laman_Resmi	TRUE	publikasi-kan	FALSE				
lon mahasiswa jenjang Diploma. Pendaftaran seleksi	Diploma	dibuka mulai 17 Maret hingga 21 Juni 2014, dan se	Laman_Resmi	FALSE						
a, dan Banyuwangi, serta MPP Kota Batam yang belum	diresmikan	.  Pemerintah mentargetkan pembangunan MPP di selu	Laman_Resmi	TRUE	resmi-kan	FALSE				
Tesis (UT) dapat	dilakukan	secara daring atau dilakukan secara tatap muka te	Laman_Resmi	TRUE	laku-kan	FALSE				
engan penjualan lebih dari 60 hektare. Setelahnya,	disusul	Greenland International Industrial Centre yang me	Laman_Resmi	TRUE	susul	TRUE	np	inanimate	institution/organisation	FALSE
~	Dipublikasikan	Pada : Minggu, 22 September 2013 00:00:01, Dibaca	Laman_Resmi	TRUE	publikasi-kan	FALSE				
Kegiatan yang	diselenggarakan	Inspektorat Jenderal Kemendikbud ini melibatkan 3	Laman_Resmi	TRUE	selenggara-kan	TRUE	np	inanimate	institution/organisation	FALSE
Sektor Sanitasi Secara Holistik. Sub-tema tersebut	diharapkan	dapat memperkuat tema besar CSS yang dilakukan se	Laman_Resmi	TRUE	harap-kan	FALSE				
abatan strategis salah satu langkah strategis yang	dilakukan	oleh Pemerintah adalah menyediakan data-data atau	Laman_Resmi	TRUE	laku-kan	TRUE	oleh_phrase	inanimate	institution/organisation	FALSE
alat komunikasi, sedangkan di sekolah, bahasa juga	diperkenalkan	sebagai ilmu.	Laman_Resmi	TRUE	per-kenal-kan	FALSE				
Bowo mengaku, misalnya, menerima duit dari seorang	direktur	utama salah satu badan usaha milik negara. Bos pe	Majalah	FALSE						
membuat vaksin, risiko pemberian vaksin saat resmi	diberikan	pada warga Indonesia jadi lebih besar. Terlebih b	Majalah	TRUE	beri-kan	FALSE				
ovember 2010. Meski setiap hari ribuan kubik pasir	ditambang	, jumlahnya masih tetap melimpah sampai dengan har	Majalah	TRUE	tambang	FALSE				
. Dengan demikian, ini	diharapkan	bisa mengubah kebiasaan	Majalah	TRUE	harap-kan	FALSE				
seyogyanya	dilakukan	secara gotong royong.	Majalah	TRUE	laku-kan	FALSE				
in-main, perwira menengah Polisi Militer Turki ini	dituding	terlibat dalam aksi kudeta. Pada 2009, para pendu	Majalah	TRUE	tuding	FALSE				
k apabila memang	dibutuhkan	~	Majalah	TRUE	butuh-kan	FALSE				
mesin yang laju tak	diimbangi	dengan	Majalah	TRUE	imbang-i	FALSE				
KUR yang	disalurkan	pada tahun 2017, serta didukung	Majalah	TRUE	salur-kan	FALSE				
duct of Capital lebih tinggi dari bunga yang harus	dibayar	akan memperoleh insentif.	Majalah	TRUE	bayar	FALSE				
pengalaman	digital	yang lebih baik.	Majalah	FALSE						
itu berbagai upaya coba	dikreasi	guna	Majalah	TRUE	kreasi	FALSE				
gunan berupa pintu berukuran besar khas Bugis yang	disebut	juga sebagai pintu Paduraksa. Keraton ini memang	Majalah	TRUE	sebut	FALSE				
tidak ada alih fungsi lahan, pada tahun ke-60 akan	dihasilkan	430 m2/ha. Jumlah itu jauh lebih tinggi daripada	Majalah	TRUE	hasil-kan	FALSE				
berangkat paling akhir. Ia diiringi 34 orang yang	diangkut	tiga bus besar dan beberapa mobil. Selain terdiri	Majalah	TRUE	angkut	FALSE				
ah perempuan ke dokter gigi di Denpasar. Tiap anak	dipasangi	"kawat gigi seharga Rp 3,5 juta. """"Kami menyamar, b"	Majalah	TRUE	pasang-i	FALSE				
ma halnya ketika mereka	diminta	untuk bersepeda, Xand jauh tertinggal dari Chris.	Majalah	TRUE	minta	FALSE				
dak selalu	dipraktikkan	di kalangan Tionghoa Indonesia. Terkait soal	Majalah	TRUE	praktik-kan	FALSE				
seperti ini sangat	diperlukan	dan	Majalah	TRUE	perlu-kan	FALSE				
a dengan operasi botoks untuk wajah. Bedanya hanya	disuntikkan	ke saluran kemih kita. Gunanya menurunkan kontrak	Majalah	TRUE	suntik-kan	FALSE				
~	diterapkan	pada sarana pembayaran	Majalah	TRUE	terap-kan	FALSE				
rinteraksi (physical	distancing	).	Majalah	FALSE						
Kemajuan sektor pertainan tidak bisa	ditentukan	oleh para petani saja,	Majalah	TRUE	tentu-kan	TRUE	oleh_phrase	animate	person	FALSE
tidaklah sulit untuk	diikuti	. Hanya	Majalah	TRUE	ikut-i	FALSE				
a perawatan yang benar. Perawatan kulit dari dalam	dilakukan	dengan menjalani pola makan sehat secara teratur,	Majalah	TRUE	laku-kan	FALSE				
umah jenis ini tidak	difungsikan	~	Majalah	TRUE	fungsi-kan	FALSE				
Kinerja ekonomi	digital	menerbitkan	Majalah	FALSE						
tu, Anies mengaku punya sejumlah kolega yang kerap	dimintai	pendapat mengenai persoalan dan jalan keluarnya.	Majalah	TRUE	minta-i	FALSE				
he Sydney Morning Herald, akan memuat berita kawat	diplomat	Amerika Serikat tentang Yudhoyono yang dibocorkan	Majalah	FALSE						
syariah harus tetap	dilandasi	dengan	Majalah	TRUE	landas-i	FALSE				
~	dijadikan	parameter hidup.	Majalah	TRUE	jadi-kan	FALSE				
ampak tegar di hadapan publik. Dan itu tidak hanya	dilakukan	pada hari Proklamasi saja. Setidaknya ada satu mo	Majalah	TRUE	laku-kan	FALSE				
VOC juga	diketahui	terdapat	Majalah	TRUE	ke-tahu-i	FALSE				
ei, Bakamla menyerahkan kapal dan semua awaknya ke	Direktorat	Polair Polda Kepulauan Riau. Sebulan kemudian, ka	Majalah	FALSE						
an pengapkiran dini induk ayam (parent stock) yang	diteken	12 perseroan pada pertengahan September lalu. Per	Majalah	TRUE	teken	TRUE	np	inanimate	institution/organisation	FALSE
Saat	ditemui	Tempo di rumah petak miliknya di kompleks Malaka	Majalah	TRUE	temu-i	TRUE	np	inanimate	institution/organisation	FALSE
pada apa yang harus	dilakukan	~	Majalah	TRUE	laku-kan	FALSE				
biasanya dipasangi lampu di depan wajah orang yang	diinterogasi	. Cahaya lampu bisa membantu polisi melihat bagian	Majalah	TRUE	interogasi	FALSE				
h tidak diperbolehkan memakainya di meja makan dan	dilarang	memainkannya menjelang waktu tidur.	Majalah	TRUE	larang	FALSE				
al tersebut, dapat	diinformasikan	bahwa pecahan Rp 200 ribu bergambar kuda	Majalah	TRUE	informasi-kan	FALSE				
Gibran yang akan memutuskan apakah menu itu layak	dikeluarkan	atau tidak.	Majalah	TRUE	keluar-kan	FALSE				
Bila	dibiarkan	, bakal muncul	Majalah	TRUE	biar-kan	FALSE				
memiliki filosofi, setiap orang memiliki hak untuk	diobati	, meninggal secara bermartabat, mengurangi rasa ny	Majalah	TRUE	obat-i	FALSE				
janin dan	diklaim	lebih aman digunakan	Majalah	TRUE	klaim	FALSE				
biaya/denda yang harus	dibayarnya	.	Majalah	TRUE	bayar	TRUE	pron-klitik-nya			
dan sekunder. Survei	dilakukan	untuk mengecek harga	Majalah	TRUE	laku-kan	FALSE				
~	dilakukannya	sekarang ini tidak	Majalah	TRUE	laku-kan	TRUE	pron-klitik-nya			
lau dibolehkan, sebaiknya jatah menteri NasDem tak	dikurangi	","""" ujarnya."	Majalah	TRUE	kurang-i	FALSE				
ngan BP Migas. Pertamina hanya agen penjualan yang	ditunjuk	BP Migas.	Majalah	TRUE	tunjuk	TRUE	np	inanimate	institution/organisation	FALSE
Eric	ditaruh	, dengan bayaran yang	Majalah	TRUE	taruh	FALSE				
wadahnya telah hengkang entah ke mana, suatu kali	dipakai	orang untuk kipas-kipas dan lupa dikembalikan, me	Novel	TRUE	pakai	TRUE	np	animate	person	FALSE
ekan dengan penampilan lebih rapi dari sebelumnya.	Disampaikannya	maksud hati, melamar Jeng Yah sebagai istri. Tent	Novel	TRUE	sampai-kan	FALSE				
tubuhnya sendiri dengan satu tangan, tangan kiri!	Diminta	kayang dia tersenyum riang, kuat, liat, tapi sang	Novel	TRUE	minta	FALSE				
alkan Rumah dan mampu melupakan Kerajaan Peri yang	diajarkan	bacaannya waktu masih kecil.	Novel	TRUE	ajar-kan	FALSE				
Satu hari satu malam terlewati, kaki Ayah gemetar	dipaksa	berjalan, mata berkunang-kunang, hanya soal waktu	Novel	TRUE	paksa	FALSE				
k di lantai mengenakan simbol? simbol seperti yang	dipakai	Panglima Timur. Mungkin ini anggota pasukannya ya	Novel	TRUE	pakai	TRUE	np	animate	person	FALSE
lensa kamera bisa menangkap seluruh bagiannya jika	diambil	dari jarak jauh sekalipun. Aku mendongak menatap	Novel	TRUE	ambil	FALSE				
stik menjelang tengah hari. Membuka bungkusan yang	disiapkan	Made. Roti, potongan buah. Meneruskan menyimak fo	Novel	TRUE	siap-kan	TRUE	np	animate	person	FALSE
uh uang seribu yen, saat itu juga diberikan, hanya	dicatat	dalam buku besar. Tidak ada yang mengalahkan beta	Novel	TRUE	catat	FALSE				
lamunan. Gelagapan meraih. Melotot melihat nama di	display	.	Novel	FALSE						
lahnya,	dikirim	ke Ibu Kota, memenangkan kompetisi nasional membu	Novel	TRUE	kirim	FALSE				
in tidur nyenyak di sarang itu seperti yang pernah	digambarkan	oleh Tuan. Yang pernah dijanjikan oleh Tuan, ia a	Novel	TRUE	gambar-kan	TRUE	oleh_phrase	animate	person	FALSE
dua kata aneh itu. Dari yang aku dengar, nama itu	dipilih	sebagai pengingat bagaimana dia berjuang saat men	Novel	TRUE	pilih	FALSE				
ri untuk	diseruduk	. Aku akan memakai kaus merah dan berdiri dekat de	Novel	TRUE	seruduk	FALSE				
n, bukan karena kehilangan harta, bukan karena mau	diciduk	polisi, bukan karena banyak utang, bukan pula kar	Novel	TRUE	ciduk	TRUE	np	animate	person	FALSE
Hamparan pasir sejauh beberapa kilometer kemudian	diganti	?kan dinding sungai yang terjal dan tinggi dengan	Novel	TRUE	ganti-kan	TRUE	np	inanimate	object	FALSE
eh mengenai pembicaraan di rapat yang sempat tidak	dihadiri	Soekram. Kekuatan ketiga tampaknya sudah masuk. M	Novel	TRUE	hadir-i	TRUE	np	animate	person	FALSE
selama dalam kandungan Turi, meskipun kemudian ia	dirasakan	"seperti tumor dalam rahim; kedua, ia sudah diangg"	Novel	TRUE	rasa-kan	FALSE				
gkan waktu ke pasar untuk mendapatkan majalah yang	dicarinya	. Sebelum ia membaca artikel yang ada di situ, hal	Novel	TRUE	cari	TRUE	pron-klitik-nya			
ak orang. Memang kemalangan negeri ini tiada dapat	dihindari	lagi setelah dua tangan kekuasaan yang sama kasar	Novel	TRUE	hindar-i	FALSE				
!! Itulah yang	diperlukan	"anak-anak muda Melayu zaman sekarang."""" Demikian j"	Novel	TRUE	perlu-kan	TRUE	np	animate	person	FALSE
kandang kambing, tidak pula pekarangan kosong yang	ditumbuhi	semak belukar yang tidak terurus.	Novel	TRUE	tumbuh-i	FALSE				
Derita ini hanya	dipahami	dan merupakan rahasia pahit orang-orang pendek. M	Novel	TRUE	paham-i	TRUE	np	animate	person	FALSE
-wenang itu. Benar saja, mereka yang meminta turut	dipuaskan	itu tidak memberikan bayaran. Mereka menghilang,	Novel	TRUE	puas-kan	FALSE				
rena kami terlalu sibuk membantu membuat selebaran	diskusi	yang kami distribusikan di beberapa pelosok terpi	Novel	FALSE						
ring kudengar kabar, kerap kubaca kisah-kisah yang	disebut	sebagai menggiriskan yang dapat orang lakukan ka	Novel	TRUE	sebut	FALSE				
. Membuat Kadek terduduk. Tangannya ditelikung dan	dipasangi	borgol.	Novel	TRUE	pasang-i	FALSE				
ak terganggu oleh kenyataan reputasi seninya hanya	dikenal	di antara orang sekitar rumah belaka.	Novel	TRUE	kenal	FALSE				
gsa lainnya yang gemar memakan daging babi seperti	dirinya	. Sudah berkali-kali moncong itu menjaganya supaya	Novel	FALSE						
Mas Garuda, aku memesan sepiring nasi briyani yang	dicampur	dengan daging domba, pita bread, dan salad berman	Novel	TRUE	campur	FALSE				
an kaitan yang semakin renggang, kalau tidak boleh	dikatakan	sudah hilang, antara rakyat dan Kasunanan, yang m	Novel	TRUE	kata-kan	FALSE				
ermintaannya. Anak itu benar-benar sedang tak bisa	dibujuk	.	Novel	TRUE	bujuk	FALSE				
ngan yang menemani kami bercerita bahwa kisah kami	dituliskan	menjadi novel di Kota Tishri.	Novel	TRUE	tulis-kan	FALSE				
ya bisa terus mencoba tersenyum. Tatapan ibu Suryo	dirasakannya	seperti tanpa terpejam, dan ia merasa lega ketika	Novel	TRUE	rasa-kan	TRUE	pron-klitik-nya			
h	dihantam	seribu gada. Sendi-sendinya nyeri, tulang-tulangn	Novel	TRUE	hantam	FALSE				
reka di Bolivia, Amaru memberi tahu bahwa Gio akan	dibantu	oleh empat orang. Satu akan berangkat dan mungkin	Novel	TRUE	bantu	TRUE	oleh_phrase	animate	person	FALSE
erjaya bukan buatan. Lambang yang dipakainya untuk	dicoblos	nanti diganti dari gambar buah kelapa menjadi gam	Novel	TRUE	coblos	FALSE				
entah ruang?an apa. Tempat tidurnya menggantung di	dinding	. Lampunya berbentuk aneh sekali, menyala terang.	Novel	FALSE						
menggandeng Tia masuk, duduk di sisinya, di sofa.	Ditatapnya	sepupunya yang dulu majenun, diingatnya ketika le	Novel	TRUE	tatap	TRUE	pron-klitik-nya			
berdoa dan terkabul. Di dinding kantor dinas pasar	dilihatnya	pengumuman lomba balap sepeda di ibu kota kabupat	Novel	TRUE	lihat	TRUE	pron-klitik-nya			
ebihi jam kerja orang kebanyakan, aku mungkin akan	diganjar	dengan hasil di atas orang kebanyakan pula.	Novel	TRUE	ganjar	FALSE				
ramah tamah dengan Dasiyah. Gadis itu adalah rekan	diskusi	yang seimbang dalam hal kretek. Dan itu sebenarny	Novel	FALSE						
la pasukan ditumpahkan. Bedil selalu penuh peluru,	ditembakkan	untuk menghalau dan mengepung sejumlah orang yang	Novel	TRUE	tembak-kan	FALSE				
semua kata Inggris di kaleng bekas susu yang biasa	dipakainya	untuk menyimpan timah hasil dulangannya. Cukup me	Novel	TRUE	pakai	TRUE	pron-klitik-nya			
tradisional dan internasional, tarian, musik, dan	diakhiri	dengan pesta dansa sampai pukul dua belas malam.	Novel	TRUE	akhir-i	FALSE				
Zarah terjerembap mencium pasir. Hal pertama yang	disadarinya	adalah menciutnya arus informasi yang tadi memban	Novel	TRUE	sadar-i	TRUE	pron-klitik-nya			
un, menatap gambar-gambar Robert Johnson yang mati	diracuni	itu karena terlalu dekat dengan pacar orang lain,	Novel	TRUE	racun-i	FALSE				
u, Jelita mulai menapaki bisnis di perusahaan yang	diberikan	oleh ayahnya. Membangun kerajaan baru sambil berp	Novel	TRUE	beri-kan	TRUE	oleh_phrase	animate	person	FALSE
Mas Edgar adalah bosku.	Dipanggil	Mas karena walaupun posisinya head, usianya masih	Novel	TRUE	panggil	FALSE				
akin, tetangga kanan kirinya pasti juga mendengar.	Dinding	mereka yang tipis, seolah penyambung lidah bagi a	Novel	FALSE						
ana	dimaksud	pada ayat	Perundang_undangan	TRUE	maksud	FALSE				
nghimpunan dana sebagaimana dimaksud pada ayat (3)	digunakan	untuk pengembangan sumber daya manusia, penelitia	Perundang_undangan	TRUE	guna-kan	FALSE				
dalam rencana tata ruang dan peraturan zonasi yang	ditetapkan	oleh pemerintah daerah berdasarkan Peraturan Pres	Perundang_undangan	TRUE	tetap-kan	TRUE	oleh_phrase	inanimate	institution/organisation	FALSE
aan sendiri, dan diberhentikan tidak dengan hormat	diberikan	hak kepegawaian sesuai dengan ketentuan peraturan	Perundang_undangan	TRUE	beri-kan	FALSE				
erkotaan Sarbagita yang diselenggarakan tanpa izin	ditentukan	sebagai berikut:	Perundang_undangan	TRUE	tentu-kan	FALSE				
lahan untuk penyediaan Terminal barang sebagaimana	dimaksud	pada ayat (2), setiap badan usaha atau pengelola	Perundang_undangan	TRUE	maksud	FALSE				
a	dimaksud	dalam huruf a, huruf b, dan huruf c,  maka  perlu	Perundang_undangan	TRUE	maksud	FALSE				
(2) untuk penetapan kebutuhan PNS tahun berikutnya	disampaikan	oleh PPK Instansi Pemerintah kepada Menteri dan K	Perundang_undangan	TRUE	sampai-kan	TRUE	oleh_phrase	inanimate	institution/organisation	FALSE
paksa pelanggar oleh petugas yang berwenang untuk	ditempatkan	pada fasilitas karantina atau isolasi yang diteta	Perundang_undangan	TRUE	tempat-kan	FALSE				
a	dimaksud	pada ayat (1) berdasarkan pertimbangan jumlah bar	Perundang_undangan	TRUE	maksud	FALSE				
n pendidikan profesional berkelanjutan sebagaimana	dimaksud	pada ayat (1) diatur dalam Peraturan Pemerintah.	Perundang_undangan	TRUE	maksud	FALSE				
a	dimaksud	pada ayat (1) dan ayat (2) diatur lebih lanjut da	Perundang_undangan	TRUE	maksud	FALSE				
disampaikan kepada Badan Pemeriksa Keuangan untuk	dilakukan	pemeriksaan.	Perundang_undangan	TRUE	laku-kan	FALSE				
Berskala Besar sebagaimana dimaksud pada ayat (1)	ditetapkan	oleh Menteri.	Perundang_undangan	TRUE	tetap-kan	TRUE	oleh_phrase	animate	person	FALSE
kuan yang	diwajibkan	menurut Peraturan Daerah ini ada pembuktian lainn	Perundang_undangan	TRUE	wajib-kan	FALSE				
Penyusunan Prolegda	dilakukan	berdasarkan atas:	Perundang_undangan	TRUE	laku-kan	FALSE				
akukan untuk menyelaraskan pencapaian kinerja yang	dikaitkan	dengan proses pencapaian tujuan dan sasaran.	Perundang_undangan	TRUE	kait-kan	FALSE				
kretariat sebagaimana	dimaksud	pada ayat (1) dipimpin oleh seorang Sekretaris ya	Perundang_undangan	TRUE	maksud	FALSE				
-6	Direksi	dilarang memiliki dan/atau menjalankan usaha yang	Perundang_undangan	FALSE						
b. paling sedikit 1 (satu) kali rapat, diantaranya	dilakukan	dengan mengundang akuntan publik.	Perundang_undangan	TRUE	laku-kan	FALSE				
dengan norma, standar, prosedur, dan kriteria yang	ditetapkan	oleh Pemerintah Pusat memiliki kewenangan mengump	Perundang_undangan	TRUE	tetap-kan	TRUE	oleh_phrase	inanimate	institution/organisation	FALSE
an kompetensi sebagaimana dimaksud dalam Pasal 205	disampaikan	kepada LAN sebagai bahan untuk menyusun rencana p	Perundang_undangan	TRUE	sampai-kan	FALSE				
untuk Barang Milik Daerah yang dari awal pengadaan	direncanakan	untuk dilakukan pemindahtanganan dengan cara peny	Perundang_undangan	TRUE	rencana-kan	FALSE				
1) disusun berdasarkan abjad serta diajukan dengan	disertai	salinan berkas administrasi.	Perundang_undangan	TRUE	serta-i	FALSE				
ibantu oleh Wakil Presiden dan menteri sebagaimana	dimaksud	dalam Undang-Undang Dasar Negara Republik Indones	Perundang_undangan	TRUE	maksud	FALSE				
335 ayat (3), calon anggota DPD yang bersangkutan	dikenai	sanksi administratif berupa tidak ditetapkan menj	Perundang_undangan	TRUE	kena-i	FALSE				
g tidak memenuhi ketentuan dalam Undang-Undang ini	diancam	dengan pidana penjara paling lama 4 (empat) tahun	Perundang_undangan	TRUE	ancam	FALSE				
aslu, Bawaslu Provinsi, dan Bawaslu Kabupaten/Kota	diputuskan	melalui rapat pleno tertutup.	Perundang_undangan	TRUE	putus-kan	FALSE				
ng-undang dapat	diajukan	oleh DPD berkaitan dengan otonomi daerah, hubunga	Perundang_undangan	TRUE	aju-kan	TRUE	oleh_phrase	inanimate	institution/organisation	FALSE
wajib sebagaimana dimaksud dalam Pasal 11 ayat (1)	dilakukan	oleh Menteri.	Perundang_undangan	TRUE	laku-kan	TRUE	oleh_phrase	animate	person	FALSE
a	dimaksud	dalam Pasal 14 huruf d ditetapkan dalam rangka pe	Perundang_undangan	TRUE	maksud	FALSE				
hasan rancangan KUA dan rancangan PPAS sebagaimana	dimaksud	pada ayat (1) dan ayat	Perundang_undangan	TRUE	maksud	FALSE				
rahat sebagaimana	dimaksud	pada ayat	Perundang_undangan	TRUE	maksud	FALSE				
as pelayanan dan kegiatan keolahragaan sebagaimana	dimaksud	pada ayat (1) dan ayat (2) dalam rangka pelaksana	Perundang_undangan	TRUE	maksud	FALSE				
3 yang merupakan kawasan sekitar danau sebagaimana	dimaksud	pada ayat (1) ditetapkan di:	Perundang_undangan	TRUE	maksud	FALSE				
ewenangan memerintah dan mengelola sumberdaya yang	diserahkan	sektor/lembaga terkait dalam rangka tanggap darur	Perundang_undangan	TRUE	serah-kan	TRUE	np	inanimate	institution/organisation	FALSE
Transportasi yang handal, berkemampuan tinggi, dan	diselenggarakan	secara terpadu, tertib, aman, lancar, nyaman, dan	Perundang_undangan	TRUE	selenggara-kan	FALSE				
reemtif perdagangan anak dan perempuan sebagaimana	dimaksud	pada ayat (1) dilaksanakan oleh perangkat daerah	Perundang_undangan	TRUE	maksud	FALSE				
l pengadaan PNS sebagaimana dimaksud pada ayat (1)	diketuai	oleh Kepala BKN.	Perundang_undangan	TRUE	ketua-i	TRUE	oleh_phrase	animate	person	FALSE
emerintah ini	dibentuk	KADI yang bertugas untuk menangani permasalahan y	Perundang_undangan	TRUE	bentuk	TRUE	np	inanimate	institution/organisation	FALSE
(4) Bukti sebagaimana	dimaksud	pada ayat (3) dapat meliputi dokumen elektronik.	Perundang_undangan	TRUE	maksud	FALSE				
dan/atau kegiatan atau komersial atau operasional	dilakukan	melalui sistem OSS dengan melengkapi data, Komitm	Perundang_undangan	TRUE	laku-kan	FALSE				
bagaimana	dimaksud	pada ayat (3) menyampaikan laporan hasil pengawas	Perundang_undangan	TRUE	maksud	FALSE				
turan perundang-undangan di bidang Kehutanan masih	ditetapkan	sebagai hutan produksi yang dapat dikonversi (HPK	Perundang_undangan	TRUE	tetap-kan	FALSE				
Peraturan Presiden, kecuali ketentuan sebagaimana	dimaksud	dalam Pasal 51 ayat (2) huruf a.	Perundang_undangan	TRUE	maksud	FALSE				
(2) Badan	dipimpin	oleh Kepala Badan.	Perundang_undangan	TRUE	pimpin	TRUE	oleh_phrase	animate	person	FALSE
	dimiliki	, dikuasai, dan/atau dikelola oleh instansi atau p	Perundang_undangan	TRUE	milik-i	TRUE	oleh_phrase	inanimate	institution/organisation	FALSE
bagaimana dimaksud dalam Pasal 78 ayat (2) huruf a	digunakan	sebagai pedoman bagi Pemerintah dan pemerintah ka	Perundang_undangan	TRUE	guna-kan	FALSE				
capaian Hasil dan indikator capaian Keluaran yang	didasarkan	pada prioritas nasional disusun berdasarkan nomen	Perundang_undangan	TRUE	dasar-kan	FALSE				
erhadap pelaksanaan APBN Tahun Anggaran 2017 telah	dilakukan	"pemeriksaan oleh Badan Pemeriksa Keuangan (BPK);"	Perundang_undangan	TRUE	laku-kan	TRUE	oleh_phrase	inanimate	institution/organisation	TRUE
yang ada di halaman depan. Jika nama program yang	diinginkan	sudah ada, tinggal klik saja. Contoh:	Populer	TRUE	ingin-kan	FALSE				
yang dilarang terselip. Untungnya saya tidak harus	diperiksa	seperti itu. Kalau tidak, mungkin saya tambah seb	Populer	TRUE	periksa	FALSE				
Perusahaan ini	dimiliki	oleh satu orang, sehingga apabila perusahaan memp	Populer	TRUE	milik-i	TRUE	oleh_phrase	animate	person	FALSE
dihasilkan oleh para ulama. Jika dalam ilmu Fiqih	disebut	dengan mazhab maka dalam Ilmu Tasawuf disebut den	Populer	TRUE	sebut	FALSE				
	disesuaikan	untuk menggambarkan biaya saat ini untuk menggant	Populer	TRUE	sesuai-kan	FALSE				
gan masyarakat dan pendekatan pelayanan masyarakat	dikembangkan	berbasiskan pendekatan konsensus. Sedangkan model	Populer	TRUE	kembang-kan	FALSE				
~	Diuretik	yang sering kali diresepkan untuk menurunkan teka	Populer	FALSE						
dan tindak lanjut memuat perangkat-perangkat yang	ditujukan	untuk memantau dan mengevaluasi kejadian fraud se	Populer	TRUE	tuju-kan	FALSE				
ur-unsur dalam laporan keuangan. Hubungan tersebut	dinyatakan	dalam bentuk matematis yang sederhana.	Populer	TRUE	nyata-kan	FALSE				
erpindah kuadran/zona. Pertimbangan ini lebih baik	dibanding	jika Anda resign karena emosional.	Populer	TRUE	banding	FALSE				
Rasio ini	digunakan	untuk menilai ketergantungan bank pada pendanaan	Populer	TRUE	guna-kan	FALSE				
ulkan simpanan dan utang lainnya dengan bunga yang	dibebankan	atas pinjaman dan aktiva lainnya.	Populer	TRUE	beban-kan	FALSE				
ainuddin MZ	digemari	dan di-nantikan oleh masyarakat adalah karena ia	Populer	TRUE	gemar-i	TRUE	oleh_phrase	animate	person	FALSE
likan diabetes, dan menghindari alkohol. Bisa juga	diberikan	obat penurun kadar lemak darah.	Populer	TRUE	beri-kan	FALSE				
euntungan sebagai arsip tercatat, jelas, dan dapat	disimpan	sebagai bukti, baik bagi penerima maupun pengirim	Populer	TRUE	simpan	FALSE				
g menekankan inovasi dan proses inovasi yang dapat	digunakan	untuk menangani sejumlah masalah.	Populer	TRUE	guna-kan	FALSE				
skipun seorang kandidat	disukai	oleh banyak orang, tapi jika komitmen pemilihnya	Populer	TRUE	suka-i	TRUE	oleh_phrase	animate	person	FALSE
semacam itulah yang	dianggap	hebat. Pemimpin yang tidak hanya mampu mengelola	Populer	TRUE	anggap	FALSE				
50-70 hari tergantung dari ukuran ikan yang hendak	dipanen	. Bila benih ditebar benih berukuran > 10 g/ekor,	Populer	TRUE	panen	FALSE				
Obligasi yang dapat dikonversi menjadi saham biasa	dinamakan	convertible bonds. Obligasi yang dapat ditebus ke	Populer	TRUE	nama-kan	FALSE				
komunikasi yang baik hubungan antar manusia dapat	dipelihara	kelangsungannya. Dengan komunikasi antar manusia	Populer	TRUE	pelihara	FALSE				
Evaluasi kinerja	dirasakan	bermakna bila hasilnya dapat dimanfaatkan. Sebaga	Populer	TRUE	rasa-kan	FALSE				
ahadat dengan dua kalimah syahadat, seorang muslim	dituntut	untuk tunduk taat kepada perintah Allah SWT dan R	Populer	TRUE	tuntut	FALSE				
n, akhirnya siswa mengumpulkan hipotesis mana yang	diterima	dan mana yang ditolak kemampuan yang diharapkan d	Populer	TRUE	terima	FALSE				
da tuliskan besar-besar perkata dan ditempelkan di	dinding	. Ketika dinyanyikan sambil ditunjukkan bunyi-buny	Populer	FALSE						
atahari dapat masuk ke dalam kolam. Sinar matahari	diperlukan	untuk fotosintesis di dalam air yang dapat menyup	Populer	TRUE	perlu-kan	FALSE				
simpel, sederhana, langsung pada tujuan, dan mudah	dipahami	. Jangan memakai bahasa vickynisasi ya, hehe. Bisa	Populer	TRUE	paham-i	FALSE				
Hyperactivity	Disorder	(ADHD)	Populer	FALSE						
an akuntansi	dibutuhkan	dukungan bukti-bukti transaksi yang bersifat obye	Populer	TRUE	butuh-kan	FALSE				
aan masyarakat desa. Hasil pendataan dan pemilahan	dituangkan	dalam format data rencana program dan kegiatan pe	Populer	TRUE	tuang-kan	FALSE				
i Indonesia. Artinya, selama ini media massa hanya	dilihat	sebagai instrumen filosofi kebebasan berpendapat.	Populer	TRUE	lihat	FALSE				
satu mainan ke mainan yang lain. Keadaan ini juga	disebabkan	fokus yang rendah dan perilaku hiperkinetik yang	Populer	TRUE	sebab-kan	TRUE	np	inanimate	cognition	FALSE
kini mengalami degradasi. Dari nilai gotong royong	diharapkan	dapat membangkitkan spirit solidaritas, semangat	Populer	TRUE	harap-kan	FALSE				
saha manusia dalam meraih ridla Allah SWT? Hal ini	dicontohkan	oleh Nabi Saw, yang menerima mawahib terbesar ber	Populer	TRUE	contoh-kan	TRUE	oleh_phrase	animate	person	FALSE
ytetracycline HCI sebanyak 50 mg/kg ikan/hari yang	diberikan	selama 7-10 hari berturut-turut.	Populer	TRUE	beri-kan	FALSE				
mukan atau informasinya itu faktual dan tidak bisa	disangkal	(indisputable).	Populer	TRUE	sangkal	FALSE				
ng dimakan ikan akan	dipergunakan	untuk pemeliharaan tubuh, metabolisme basal, akti	Populer	TRUE	per-guna-kan	FALSE				
esalahan pengucapan siswa setelah semuanya selesai	diucapkan	.Penilaian dititikberatkan pada ketepatan ucapan (	Populer	TRUE	ucap-kan	FALSE				
kinan bisa tercipta dari pengalaman kita, apa yang	dilihat	, didengar, maupun dirasakan. Keyakinan juga bisa	Populer	TRUE	lihat	FALSE				
h utama zaman ini adalah Aristoteles. Gagasan yang	dibawanya	adalah E/bos (kredibilitas sumber), Phantos (hal	Populer	TRUE	bawa	TRUE	pron-klitik-nya			
tis tentang seberapa jujur beberapa informasi yang	ditampilkan	dalam profil online. Selain berkencan, pengguna j	Populer	TRUE	tampil-kan	FALSE				
k kekaryawanannya. Perpanjangan cuti tersebut bisa	digunakan	untuk berbagai alasan, seperti: mengikuti pendidi	Populer	TRUE	guna-kan	FALSE				
genai bagaimana kegiatan SDM akan dikembangkan dan	dikelola	.	Populer	TRUE	kelola	FALSE				
ang mengidentifikasi sumber dana dari operasi yang	dianggarkan	dan rencana penggunaan dana tersebut selama perio	Populer	TRUE	anggar-kan	FALSE				
endidikan Islam sebagaimana disebutkan, semestinya	dilihat	dari pesan universal Islam sebagai agama yang men	Populer	TRUE	lihat	FALSE				
ra tersebut harus	dihadiri	"oleh tim penyidik dan tim penelaah;"	Populer	TRUE	hadir-i	TRUE	oleh_phrase	animate	person	FALSE
maja acap kali	diakibatkan	pikiran yang dipengaruhi oleh ide-ide dan teori-t	Populer	TRUE	akibat-kan	TRUE	np	inanimate	cognition	FALSE
ya pengiriman dari Surabaya ke Jakarta, waktu yang	dibutuhkan	pun lebih efisien.	Populer	TRUE	butuh-kan	FALSE				
Jika	digambarkan	fenomena new wave culture dalam perspektif Hermaw	Populer	TRUE	gambar-kan	FALSE				
r. Padat penebaran atas berat ikan yang dipelihara	ditentukan	oleh tingkat intensitas usaha. Apabila lele diusa	Populer	TRUE	tentu-kan	TRUE	oleh_phrase	inanimate	abstraction	FALSE
ran sebagaimana dimaksud pada angka 1 dan angka 2,	disampaikan	kepada Otoritas Jasa Keuangan secara luar jaringa	Surat_Resmi	TRUE	sampai-kan	FALSE				
dari Daftar LAPS sebagaimana dimaksud pada angka 3	disampaikan	OJK kepada LAPS melalui surat.	Surat_Resmi	TRUE	sampai-kan	TRUE	np	inanimate	institution/organisation	FALSE
3	Dimiliki	hingga jatuh tempo	Surat_Resmi	TRUE	milik-i	FALSE				
	diperoleh	perusahaan saat ini baik secara kualitatif maupun	Surat_Resmi	TRUE	per-oleh	TRUE	np	inanimate	institution/organisation	FALSE
~	Ditetapkan	di Jakarta	Surat_Resmi	TRUE	tetap-kan	FALSE				
tahun terakhir sebelum	dicalonkan	"; dan/atau"	Surat_Resmi	TRUE	calon-kan	FALSE				
2	Direksi	"Perusahaan Efek;"	Surat_Resmi	FALSE						
PS dianggap tidak menyampaikan laporan sebagaimana	dimaksud	angka 2 apabila sampai dengan 1 (satu) periode pe	Surat_Resmi	TRUE	maksud	FALSE				
formasi sebagaimana dimaksud pada huruf b angka 2)	disampaikan	melalui surat elektronik dan/atau melalui sistem	Surat_Resmi	TRUE	sampai-kan	FALSE				
an format 2 Lampiran POJK Nomor 1/POJK.05/2017 dan	ditandatangani	oleh Direksi.	Surat_Resmi	TRUE	tanda tangan-i	TRUE	oleh_phrase	inanimate	institution/organisation	FALSE
g-Undang Informasi dan Transaksi Elektronik) dapat	dijadikan	sebagai alat bukti dalam hukum acara Peradilan Ta	Surat_Resmi	TRUE	jadi-kan	FALSE				
Berharga Syariah yang	Diterbitkan	oleh Bank	Surat_Resmi	TRUE	terbit-kan	TRUE	oleh_phrase	inanimate	institution/organisation	FALSE
terangan tambahan (bila	diperlukan	):	Surat_Resmi	TRUE	perlu-kan	FALSE				
nilai jual per unit investasi pada saat transaksi	dilakukan	, setelah itu dikurangi dengan biaya dan fee BUS,	Surat_Resmi	TRUE	laku-kan	FALSE				
Holding	disampaikan	kepada Bank Indonesia dengan alamat:	Surat_Resmi	TRUE	sampai-kan	FALSE				
ini diisi dengan tanggal dimulainya pendanaan yang	diterima	Perusahaan Modal Ventura Syariah pelapor atau UUS	Surat_Resmi	TRUE	terima	TRUE	np	inanimate	institution/organisation	FALSE
(enam puluh) hari kerja setelah dokumen permohonan	diterima	secara lengkap.	Surat_Resmi	TRUE	terima	FALSE				
ggota Direksi pada Bank Syariah yang bersangkutan,	Direktur	UUS yang bersangkutan, dan pemimpin Kantor Perwak	Surat_Resmi	FALSE						
~	Direktorat	Hukum	Surat_Resmi	FALSE						
tanggal perusahaan	didirikan	:	Surat_Resmi	TRUE	diri-kan	FALSE				
n atau penyimpangan dalam kegiatan usaha Bank yang	ditemukan	"oleh SKAI;"	Surat_Resmi	TRUE	temu-kan	TRUE	oleh_phrase	inanimate	institution/organisation	FALSE
menuhi persyaratan prakualifikasi maka tidak dapat	diundang	untuk mengikuti tahapan proses pelelangan selanju	Surat_Resmi	TRUE	undang	FALSE				
Aset Produktif dan Aset Non Produktif selanjutnya	dirinci	berdasarkan`kualitasnya, yaitu Lancar (L), Dalam	Surat_Resmi	TRUE	rinci	FALSE				
c)	Direksi	harus memastikan bahwa IKNB Syariah memiliki aset	Surat_Resmi	FALSE						
ari direktur yang membawahkan fungsi kepatuhan dan	direktur	yang membawahkan fungsi manajemen risiko, bahwa:	Surat_Resmi	FALSE						
6) tidak pernah	dinyatakan	pailit dan/atau tidak pernah menjadi pemegang sah	Surat_Resmi	TRUE	nyata-kan	FALSE				
~	Ditetapkan	di Jakarta	Surat_Resmi	TRUE	tetap-kan	FALSE				
cian besarnya masing-masing kepemilikan saham yang	disertai	dengan dokumen pendukungnya yang menunjukkan pers	Surat_Resmi	TRUE	serta-i	FALSE				
KA yang telah diberikan, dalam hal dikemudian hari	ditemukan	antara lain:	Surat_Resmi	TRUE	temu-kan	FALSE				
fikasi bukti, data, dan/atau informasi sebagaimana	dimaksud	pada angka 1 huruf a, paling lambat 10 (sepuluh)	Surat_Resmi	TRUE	maksud	FALSE				
Cadangan yang harus	dibentuk	sebesar persentase tertentu dari baki debet berda	Surat_Resmi	TRUE	bentuk	FALSE				
euangan yang telah	diaudit	periode [.........]	Surat_Resmi	TRUE	audit	FALSE				
lan sebagaimana	dimaksud	dalam angka 1 huruf g paling sedikit meliputi ren	Surat_Resmi	TRUE	maksud	FALSE				
, selain melaksanakan pengawasan aktif sebagaimana	dimaksud	dalam butir I.A, Perusahaan perlu menambahkan pen	Surat_Resmi	TRUE	maksud	FALSE				
bali, dalam hal surat permintaan klarifikasi tidak	diterima	oleh pihak yang dinilai kembali pada alamat yang	Surat_Resmi	TRUE	terima	TRUE	oleh_phrase	animate	person	FALSE
a. tidak pernah	dihukum	penjara atau kurungan berdasarkan putusan pengadi	Surat_Resmi	TRUE	hukum	FALSE				
2. Permohonan persetujuan penutupan Kantor Cabang	diajukan	oleh BPR kepada Otoritas Jasa Keuangan dengan men	Surat_Resmi	TRUE	aju-kan	TRUE	oleh_phrase	inanimate	institution/organisation	FALSE
ih risiko yang dapat	diasuransikan	yang timbul dari suatu	Surat_Resmi	TRUE	asuransi-kan	FALSE				
nilaian kemampuan dan kepatutan bagi calon anggota	Direksi	, anggota Dewan Komisaris, anggota DPS, dan/atau P	Surat_Resmi	FALSE						
dimuat kewajiban Perusahaan melakukan Customer Due	Dilligence	(CDD) atau Enhanced Due Dilligence	Surat_Resmi	FALSE						
dari satu jenis kegiatan ekonomi yang tidak dapat	dipisah-pisahkan	, cara penggolongannya dititikberatkan pa	Surat_Resmi	TRUE	pisah-kan	FALSE				
pembayaran sewa atau pajak sewa (dalam hal gedung	diperoleh	"dengan cara sewa);"	Surat_Resmi	TRUE	per-oleh	FALSE				
imbangkan senaua sisi dart operasi perusahaan yang	diperlukan	~	Surat_Resmi	TRUE	perlu-kan	FALSE				
a.	diserahkan	"langsung ke kantor OJK; atau"	Surat_Resmi	TRUE	serah-kan	FALSE				
rat Penunjukan atau Surat Perjanjian Keagenan yang	dikeluarkan	oleh Prin	Surat_Resmi	TRUE	keluar-kan	TRUE	oleh_phrase	inanimate	institution/organisation	FALSE
n Keuangan Tahun 2018	ditutup	tanggal 31 Desember 2018, harus diterima Direktor	Surat_Resmi	TRUE	tutup	FALSE				
2. Surat Edaran	Direktur	Keuangan ITB Nomor 0768/I1.B02.1/KU/2016 tanggal	Surat_Resmi	FALSE						
ra luar jaringan (offline) sebagaimana sebagaimana	dimaksud	pada angka 5dimaksud pada angka 5, dibuktikan den	Surat_Resmi	TRUE	maksud	FALSE				
keputusan rapat yang diambil Dewan Komisaris dapat	diimplementasikan	dan sesuai dengan kebijakan, pedoman, serta tata	Surat_Resmi	TRUE	implementasi-kan	FALSE				
khir periode laporan. Kurs tengah adalah kurs jual	ditambah	kurs beli dibagi dua.	Surat_Resmi	TRUE	tambah	FALSE				